PLAYER_ID,PLAYER_NAME,TEAM_ABBREVIATION,GP,MIN,PTS,REB,AST,STL,BLK,FG_PCT,FG3_PCT,FT_PCT,EFG_PCT,TS_PCT,USG_PCT,NET_RATING,OFF_RATING,DEF_RATING,PIE,PLAYER_HEIGHT,PLAYER_WEIGHT,AGE,SALARY,SALARY_M
1629029,Luka Dončić,LAL,42,35.5,32.8,7.8,8.6,1.5,0.5,0.473,0.345,0.781,0.5522727272727272,0.6120316465144051,0.366,0.9,118.3,117.4,0.185,6-8,230.0,26.0,54126450.0,54.13
1628983,Shai Gilgeous-Alexander,OKC,49,33.3,31.8,4.4,6.4,1.3,0.8,0.554,0.39,0.892,0.5989847715736041,0.6695300656897424,0.322,15.5,121.6,106.0,0.209,6-6,195.0,27.0,38333050.0,38.33
1630162,Anthony Edwards,MIN,45,35.5,29.6,5.2,3.8,1.3,0.8,0.492,0.397,0.795,0.5748792270531401,0.6166666666666667,0.307,3.6,118.3,114.7,0.15,6-4,225.0,24.0,45550512.0,45.55
1627759,Jaylen Brown,BOS,48,34.3,29.4,6.9,4.7,1.0,0.4,0.484,0.352,0.772,0.5287610619469026,0.572429906542056,0.361,4.0,119.0,115.0,0.152,6-6,223.0,29.0,53142264.0,53.14
1628378,Donovan Mitchell,CLE,50,33.8,29.0,4.5,5.9,1.5,0.3,0.485,0.377,0.85,0.5745192307692307,0.6186006825938566,0.315,7.8,118.4,110.5,0.157,6-2,215.0,29.0,46394100.0,46.39
203999,Nikola Jokić,DEN,38,34.3,28.8,12.2,10.7,1.4,0.8,0.593,0.42,0.846,0.6491228070175438,0.7028504490433425,0.291,11.7,127.3,115.6,0.227,6-11,284.0,30.0,55224526.0,55.22
1630178,Tyrese Maxey,PHI,51,38.7,28.8,4.2,6.8,2.0,0.8,0.47,0.379,0.891,0.5488372093023255,0.5976095617529881,0.282,2.5,115.9,113.3,0.155,6-2,200.0,25.0,37958760.0,37.96
203507,Giannis Antetokounmpo,MIL,30,29.2,28.0,10.0,5.6,0.9,0.7,0.645,0.395,0.658,0.6635802469135803,0.6810663553220472,0.349,6.1,120.8,114.7,0.218,6-11,243.0,31.0,54126450.0,54.13
202695,Kawhi Leonard,LAC,40,32.8,27.9,6.3,3.7,2.1,0.5,0.492,0.387,0.913,0.5609137055837563,0.6207725169099324,0.327,4.5,118.0,113.5,0.183,6-6,225.0,34.0,50000000.0,50.0
1628973,Jalen Brunson,NYK,49,34.7,27.4,3.3,6.1,0.7,0.1,0.47,0.372,0.847,0.5408653846153846,0.5855701829372542,0.305,6.6,121.9,115.3,0.137,6-2,190.0,29.0,34944001.0,34.94
201939,Stephen Curry,GSW,39,31.3,27.2,3.5,4.8,1.1,0.4,0.468,0.391,0.931,0.5837696335078534,0.6358705816345613,0.311,2.3,118.0,115.8,0.145,6-2,185.0,37.0,59606817.0,59.61
1628374,Lauri Markkanen,UTA,40,34.7,26.9,7.0,2.1,1.0,0.5,0.478,0.365,0.891,0.5520833333333334,0.6109193313953488,0.266,-1.6,113.9,115.5,0.138,7-1,240.0,28.0,46394100.0,46.39
203954,Joel Embiid,PHI,31,31.3,26.6,7.5,3.9,0.6,1.1,0.494,0.32,0.858,0.5302197802197802,0.6049854439592431,0.337,6.1,119.2,113.1,0.163,7-0,280.0,31.0,55224526.0,55.22
201142,Kevin Durant,HOU,49,36.7,25.9,5.3,4.4,0.9,0.9,0.506,0.405,0.881,0.5726256983240224,0.6277874733372115,0.262,5.9,117.5,111.5,0.146,6-11,240.0,37.0,54708609.0,54.71
1627750,Jamal Murray,DEN,49,35.7,25.8,4.3,7.6,1.0,0.4,0.486,0.428,0.883,0.5691489361702127,0.6155754915060127,0.276,5.3,124.3,118.9,0.149,6-4,215.0,28.0,46394100.0,46.39
1630559,Austin Reaves,LAL,27,33.7,25.7,5.1,6.0,1.0,0.2,0.508,0.363,0.871,0.5923566878980893,0.6640140553947912,0.281,2.7,117.0,114.2,0.154,6-5,197.0,27.0,13937574.0,13.94
1630166,Deni Avdija,POR,45,34.4,25.5,7.2,6.7,0.8,0.6,0.467,0.354,0.8,0.5359281437125748,0.610632183908046,0.283,0.2,116.9,116.7,0.151,6-8,228.0,25.0,14375000.0,14.38
201935,James Harden,CLE,46,35.4,25.3,4.9,8.1,1.3,0.4,0.421,0.351,0.904,0.5086206896551725,0.6008930267908037,0.298,0.4,118.8,118.4,0.148,6-5,220.0,36.0,39446090.0,39.45
1630595,Cade Cunningham,DET,46,35.0,25.3,5.6,9.6,1.4,0.8,0.459,0.321,0.81,0.5025906735751295,0.564127720299679,0.299,10.5,118.4,107.9,0.16,6-6,220.0,24.0,46394100.0,46.39
1626164,Devin Booker,PHX,43,33.9,25.2,4.0,6.3,0.9,0.3,0.455,0.311,0.863,0.5027472527472527,0.580110497237569,0.298,4.6,115.8,111.2,0.138,6-5,206.0,29.0,53142264.0,53.14
1629008,Michael Porter Jr.,BKN,41,33.0,25.0,7.2,3.2,1.0,0.2,0.474,0.385,0.853,0.5725806451612903,0.609994144056217,0.293,-3.7,114.7,118.4,0.147,6-10,218.0,27.0,38333050.0,38.33
1641705,Victor Wembanyama,SAS,38,29.0,23.9,11.1,2.7,0.9,2.7,0.507,0.36,0.81,0.5617283950617284,0.6184019871662182,0.314,11.9,117.1,105.2,0.198,7-4,235.0,22.0,13376880.0,13.38
1641718,Keyonte George,UTA,48,33.9,23.8,3.9,6.5,1.1,0.3,0.458,0.375,0.894,0.5368098159509203,0.6126441515650741,0.271,-8.8,115.3,124.2,0.121,6-4,185.0,22.0,4278960.0,4.28
1627783,Pascal Siakam,IND,51,33.8,23.7,6.7,3.9,1.1,0.5,0.48,0.369,0.68,0.5268817204301075,0.5579096045197739,0.285,-4.8,110.7,115.5,0.131,6-8,245.0,31.0,45550512.0,45.55
1630552,Jalen Johnson,ATL,49,35.7,23.4,10.6,8.2,1.3,0.5,0.502,0.355,0.777,0.5520231213872832,0.5919854280510018,0.264,0.4,114.6,114.3,0.163,6-8,219.0,24.0,30000000.0,30.0
1626181,Norman Powell,MIA,45,30.6,23.0,3.6,2.6,1.2,0.2,0.474,0.396,0.843,0.5648148148148149,0.6161594513501929,0.262,2.6,115.0,112.4,0.118,6-3,215.0,32.0,20482758.0,20.48
1630530,Trey Murphy III,NOP,51,35.8,22.2,5.7,3.8,1.5,0.3,0.477,0.38,0.89,0.5797546012269938,0.6191432396251673,0.224,-4.9,112.8,117.7,0.124,6-8,206.0,25.0,25000000.0,25.0
1627742,Brandon Ingram,TOR,52,34.0,22.0,5.8,3.7,0.8,0.8,0.472,0.364,0.835,0.5260115606936415,0.5692403229145104,0.268,1.7,114.6,112.9,0.123,6-8,190.0,28.0,38095238.0,38.1
203944,Julius Randle,MIN,55,33.6,22.0,7.0,5.5,1.1,0.3,0.489,0.322,0.82,0.5348101265822784,0.5936960276338514,0.256,4.9,119.5,114.7,0.135,6-9,250.0,31.0,30864198.0,30.86
1630532,Franz Wagner,ORL,27,32.2,21.9,6.0,3.6,1.0,0.3,0.485,0.373,0.826,0.5352564102564102,0.5945916594265855,0.253,2.2,114.0,111.8,0.139,6-10,220.0,24.0,38661750.0,38.66
1629639,Tyler Herro,MIA,11,31.7,21.9,4.7,2.7,1.0,0.5,0.497,0.358,0.902,0.5636363636363636,0.6040379523389232,0.247,-4.5,106.4,110.9,0.13,6-5,195.0,26.0,31000000.0,31.0
2544,LeBron James,LAL,35,33.3,21.8,5.7,6.9,1.1,0.6,0.502,0.306,0.742,0.5432098765432098,0.5853920515574652,0.273,-1.7,113.7,115.4,0.147,6-9,250.0,41.0,52627153.0,52.63
1629627,Zion Williamson,NOP,39,29.6,21.5,6.2,3.5,1.0,0.6,0.582,0.0,0.712,0.5808823529411765,0.6279205607476636,0.262,-4.7,112.2,116.8,0.142,6-6,284.0,25.0,39446090.0,39.45
1631094,Paolo Banchero,ORL,42,34.3,21.4,8.5,4.9,0.7,0.6,0.457,0.301,0.765,0.4903846153846153,0.5609142377856993,0.267,-2.4,113.0,115.4,0.137,6-10,250.0,23.0,15334769.0,15.33
1631101,Shaedon Sharpe,POR,48,30.0,21.4,4.4,2.6,1.4,0.1,0.456,0.34,0.784,0.5142045454545454,0.552685950413223,0.293,-1.6,112.2,113.8,0.11,6-5,210.0,22.0,8399983.0,8.4
1628415,Dillon Brooks,PHX,48,31.2,21.2,3.6,1.8,1.0,0.2,0.44,0.345,0.858,0.5113636363636364,0.5500207555002075,0.28,0.3,114.6,114.3,0.091,6-7,225.0,30.0,22124110.0,22.12
1630578,Alperen Sengun,HOU,45,34.0,20.8,9.4,6.3,1.4,1.0,0.499,0.302,0.694,0.5185185185185186,0.5533092147265376,0.264,4.6,117.6,113.0,0.145,6-11,243.0,23.0,33944954.0,33.94
1641706,Brandon Miller,CHA,37,30.3,20.4,4.6,3.3,1.1,0.9,0.426,0.366,0.887,0.5121212121212121,0.561303103675985,0.281,5.8,117.7,111.9,0.108,6-7,200.0,23.0,11968800.0,11.97
203076,Anthony Davis,WAS,20,31.3,20.4,11.1,2.8,1.1,1.7,0.506,0.27,0.728,0.5239520958083833,0.5512321660181583,0.272,-4.6,110.0,114.6,0.151,6-10,253.0,32.0,54126450.0,54.13
1642843,Cooper Flagg,DAL,49,34.1,20.4,6.6,4.1,1.2,0.8,0.482,0.302,0.804,0.5186335403726707,0.5614266842800527,0.247,-4.5,109.4,113.9,0.124,6-9,205.0,19.0,14386320.0,14.39
1629638,Nickeil Alexander-Walker,ATL,53,33.1,20.3,3.6,3.7,1.2,0.6,0.437,0.376,0.882,0.5348101265822786,0.5809294871794871,0.238,-1.5,113.3,114.8,0.098,6-5,205.0,27.0,15161800.0,15.16
202710,Jimmy Butler III,GSW,38,31.1,20.0,5.6,4.9,1.4,0.2,0.519,0.376,0.864,0.5491803278688525,0.6433350488934638,0.226,7.3,116.6,109.2,0.155,6-6,230.0,36.0,54126450.0,54.13
1629660,Ty Jerome,MEM,5,20.1,19.8,2.4,5.8,1.2,0.2,0.567,0.393,0.833,0.6583333333333333,0.701530612244898,0.324,6.7,128.8,122.1,0.197,6-5,195.0,28.0,8781000.0,8.78
1626157,Karl-Anthony Towns,NYK,50,31.4,19.8,11.9,2.9,0.9,0.6,0.464,0.348,0.852,0.5214285714285715,0.593382881802925,0.251,7.1,118.7,111.6,0.144,7-0,248.0,30.0,54126450.0,54.13
1629630,Ja Morant,MEM,20,28.4,19.5,3.3,8.1,1.0,0.3,0.41,0.235,0.897,0.4409937888198757,0.5215019255455712,0.305,-4.4,109.5,113.9,0.128,6-2,174.0,26.0,39446090.0,39.45
1628368,De'Aaron Fox,SAS,43,32.4,19.5,4.0,6.2,1.2,0.3,0.479,0.349,0.79,0.5496688741721855,0.5813260195564036,0.244,5.1,116.4,111.4,0.117,6-3,185.0,28.0,37096620.0,37.1
1630567,Scottie Barnes,TOR,53,34.5,19.4,8.4,5.6,1.3,1.6,0.506,0.306,0.814,0.5366666666666666,0.5772435134491788,0.232,3.8,113.4,109.6,0.142,6-8,237.0,24.0,38661750.0,38.66
1630217,Desmond Bane,ORL,52,33.9,19.4,4.2,4.2,0.9,0.5,0.468,0.357,0.93,0.5266666666666667,0.581813819577735,0.226,1.1,113.4,112.3,0.102,6-6,215.0,27.0,36725670.0,36.73
1628991,Jaren Jackson Jr.,UTA,47,30.5,19.3,5.7,2.0,1.1,1.4,0.473,0.358,0.801,0.5333333333333333,0.5727682811016145,0.251,-2.9,108.4,111.3,0.106,6-10,242.0,26.0,35000000.0,35.0
1629027,Trae Young,WAS,10,28.0,19.3,1.5,8.9,1.0,0.1,0.415,0.305,0.863,0.4814814814814814,0.5774293920536142,0.268,-6.8,119.4,126.2,0.118,6-2,164.0,27.0,46394100.0,46.39
1630163,LaMelo Ball,CHA,44,27.6,19.2,4.8,7.4,1.1,0.2,0.402,0.362,0.884,0.5059523809523809,0.536312849162011,0.308,6.5,121.6,115.1,0.129,6-7,180.0,24.0,37958760.0,37.96
203897,Zach LaVine,SAC,39,31.4,19.2,2.8,2.3,0.7,0.3,0.479,0.39,0.88,0.5678571428571428,0.6160164271047228,0.234,-12.6,109.3,121.9,0.096,6-5,200.0,30.0,47499660.0,47.5
203924,Jerami Grant,POR,38,29.0,19.0,3.5,2.4,0.7,0.6,0.441,0.38,0.828,0.5305343511450381,0.6018753167764825,0.238,-1.3,116.0,117.3,0.098,6-7,213.0,31.0,32000000.0,32.0
1642851,Kon Knueppel,CHA,53,32.2,18.9,5.5,3.5,0.7,0.2,0.485,0.428,0.899,0.6119402985074626,0.6458447238928375,0.215,2.1,116.5,114.3,0.117,6-6,215.0,20.0,10015680.0,10.02
203468,CJ McCollum,ATL,50,30.1,18.8,3.4,3.5,0.8,0.4,0.457,0.388,0.774,0.5460526315789475,0.570526826899733,0.244,-5.7,112.1,117.8,0.1,6-3,190.0,34.0,30666666.0,30.67
201942,DeMar DeRozan,SAC,55,32.4,18.7,3.2,3.8,1.2,0.3,0.497,0.342,0.861,0.5225563909774436,0.5947837150127226,0.215,-12.0,109.6,121.6,0.111,6-6,220.0,36.0,24570000.0,24.57
1629632,Coby White,CHA,29,29.1,18.6,3.7,4.7,0.7,0.1,0.438,0.346,0.805,0.5257352941176471,0.5837308561385891,0.267,-0.3,115.5,115.8,0.097,6-4,210.0,25.0,12888889.0,12.89
1629628,RJ Barrett,TOR,30,29.5,18.6,5.3,3.6,0.8,0.3,0.479,0.34,0.695,0.5422535211267606,0.5716744529136956,0.254,4.0,117.2,113.2,0.112,6-6,214.0,25.0,27705357.0,27.71
1630581,Josh Giddey,CHI,34,32.1,18.6,8.6,8.8,0.9,0.3,0.462,0.366,0.775,0.5253623188405797,0.578070611636002,0.25,-2.5,112.9,115.4,0.151,6-7,214.0,23.0,25000000.0,25.0
1628389,Bam Adebayo,MIA,47,31.3,18.3,9.8,2.8,1.0,0.6,0.446,0.342,0.783,0.5,0.5504090471607316,0.236,5.2,114.8,109.6,0.132,6-9,255.0,28.0,37096620.0,37.1
1628970,Miles Bridges,CHA,53,32.2,18.2,6.1,3.5,0.5,0.5,0.449,0.327,0.845,0.5206896551724138,0.5657796568017905,0.228,-0.4,116.6,116.9,0.113,6-7,225.0,27.0,25000000.0,25.0
1629636,Darius Garland,LAC,26,30.5,18.0,2.4,6.9,0.8,0.1,0.451,0.36,0.861,0.5275862068965518,0.5689001264222503,0.25,-3.0,114.7,117.7,0.103,6-1,192.0,26.0,39446090.0,39.45
1630596,Evan Mobley,CLE,42,33.4,17.9,8.8,4.0,0.9,2.0,0.512,0.304,0.635,0.5518518518518518,0.5765266683844369,0.216,5.5,116.2,110.7,0.127,6-11,215.0,24.0,46394100.0,46.39
203932,Aaron Gordon,DEN,23,27.9,17.7,6.2,2.5,0.7,0.2,0.509,0.4,0.789,0.5798319327731093,0.6335910652920962,0.228,14.0,122.9,108.9,0.138,6-8,235.0,30.0,22841455.0,22.84
1641708,Amen Thompson,HOU,51,37.2,17.7,7.6,5.4,1.4,0.6,0.504,0.207,0.783,0.5185185185185185,0.5668716372021522,0.198,7.6,117.1,109.4,0.123,6-7,200.0,23.0,9690600.0,9.69
1631105,Jalen Duren,DET,44,27.7,17.7,10.4,1.8,0.9,0.8,0.631,0.0,0.737,0.6330275229357798,0.6688331318016929,0.221,11.0,119.1,108.1,0.168,6-10,250.0,22.0,6483144.0,6.48
1631096,Chet Holmgren,OKC,47,29.4,17.6,8.7,1.6,0.5,2.0,0.564,0.359,0.774,0.6196581196581197,0.6537890044576524,0.217,14.3,117.6,103.3,0.15,7-1,208.0,23.0,13731368.0,13.73
1629645,Kevin Porter Jr.,MIL,26,33.6,17.5,5.1,7.5,2.2,0.4,0.453,0.325,0.865,0.511029411764706,0.5648076426542732,0.239,-3.6,112.5,116.1,0.128,6-5,203.0,25.0,5134000.0,5.13
1629614,Andrew Nembhard,IND,43,32.1,17.4,3.0,7.5,0.9,0.2,0.441,0.364,0.816,0.5108695652173912,0.5591259640102827,0.235,-9.7,108.7,118.4,0.111,6-4,191.0,26.0,18102000.0,18.1
1628401,Derrick White,BOS,51,34.3,17.4,4.4,5.5,1.2,1.4,0.39,0.324,0.9,0.4837662337662338,0.5244755244755244,0.228,10.7,119.5,108.8,0.111,6-4,190.0,31.0,28100001.0,28.1
1631097,Bennedict Mathurin,LAC,29,31.6,17.4,5.4,2.3,0.7,0.1,0.429,0.367,0.884,0.5078125,0.5783036426482318,0.229,-9.8,107.7,117.5,0.096,6-5,210.0,23.0,9187573.0,9.19
1642259,Alex Sarr,WAS,41,28.2,17.2,7.8,2.8,0.8,2.0,0.496,0.336,0.691,0.5357142857142857,0.5565622573129692,0.25,-11.6,108.8,120.4,0.126,7-0,205.0,20.0,11808240.0,11.81
204001,Kristaps Porziņģis,GSW,17,24.3,17.1,5.1,2.7,0.5,1.3,0.457,0.36,0.84,0.5241935483870968,0.589167585446527,0.259,5.8,117.2,111.3,0.126,7-2,240.0,30.0,30731707.0,30.73
1630202,Payton Pritchard,BOS,52,32.7,17.1,4.2,5.3,0.8,0.1,0.459,0.356,0.863,0.55,0.5745967741935484,0.206,5.1,119.4,114.3,0.121,6-1,195.0,28.0,7232143.0,7.23
1642264,Stephon Castle,SAS,42,30.8,17.1,5.2,7.0,1.4,0.3,0.467,0.289,0.722,0.508,0.5647291941875826,0.251,6.5,114.1,107.6,0.113,6-6,215.0,21.0,9560520.0,9.56
1631114,Jalen Williams,OKC,25,29.4,17.1,4.7,5.4,1.3,0.4,0.465,0.29,0.835,0.4929078014184397,0.5405918057663127,0.252,7.7,115.2,107.4,0.129,6-5,211.0,24.0,6580997.0,6.58
1628960,Grayson Allen,PHX,35,30.3,17.0,3.0,4.0,1.4,0.3,0.418,0.369,0.842,0.5370370370370371,0.5752571737953438,0.223,2.3,115.6,113.3,0.103,6-3,198.0,30.0,16875000.0,16.88
1630193,Immanuel Quickley,TOR,51,32.4,17.0,4.4,6.1,1.3,0.1,0.445,0.378,0.805,0.5413533834586466,0.5796508456082924,0.209,3.6,114.6,111.0,0.12,6-2,190.0,26.0,32500000.0,32.5
1631157,Ryan Rollins,MIL,51,32.0,16.9,4.6,5.5,1.5,0.4,0.463,0.407,0.757,0.55,0.5678763440860214,0.233,-1.0,114.2,115.2,0.108,6-3,180.0,23.0,4000000.0,4.0
1630180,Saddiq Bey,NOP,48,30.4,16.6,5.8,2.4,0.9,0.0,0.45,0.345,0.842,0.5236220472440946,0.5739972337482712,0.204,-3.9,113.5,117.4,0.114,6-8,215.0,26.0,6118644.0,6.12
202696,Nikola Vučević,BOS,50,30.6,16.6,9.0,3.7,0.7,0.6,0.502,0.369,0.833,0.5625,0.5802572706935123,0.215,-4.6,112.9,117.5,0.127,6-9,265.0,35.0,21481481.0,21.48
1628384,OG Anunoby,NYK,41,33.0,16.6,5.5,2.4,1.7,0.7,0.479,0.37,0.8,0.5614754098360656,0.6040756914119361,0.198,8.2,118.8,110.5,0.098,6-7,240.0,28.0,39568966.0,39.57
1630168,Onyeka Okongwu,ATL,49,32.0,16.2,7.8,3.3,1.2,1.0,0.483,0.375,0.77,0.56,0.5898630935042237,0.197,-4.7,109.8,114.5,0.103,6-10,240.0,25.0,15000000.0,15.0
1641710,Anthony Black,ORL,52,31.2,16.1,4.1,4.0,1.4,0.7,0.46,0.341,0.755,0.5277777777777778,0.5640414798206278,0.22,0.0,113.9,113.9,0.096,6-7,200.0,22.0,7970280.0,7.97
202331,Paul George,PHI,27,30.5,16.0,5.1,3.7,1.5,0.5,0.424,0.382,0.855,0.5190839694656488,0.5581914596706671,0.218,5.7,115.8,110.1,0.111,6-8,220.0,35.0,51666090.0,51.67
203952,Andrew Wiggins,MIA,50,31.3,15.9,5.0,2.8,1.2,1.0,0.471,0.395,0.767,0.5461538461538461,0.5673708250071368,0.199,-0.4,112.5,112.9,0.092,6-6,197.0,30.0,28223214.0,28.22
1628969,Mikal Bridges,NYK,54,34.6,15.8,4.2,4.0,1.4,0.8,0.502,0.389,0.821,0.5873015873015873,0.6017672151127361,0.17,5.9,118.0,112.2,0.107,6-6,209.0,29.0,24900000.0,24.9
1627734,Domantas Sabonis,SAC,19,29.7,15.8,11.4,4.1,0.9,0.2,0.543,0.185,0.727,0.5560344827586208,0.5893763055804238,0.223,-13.9,110.0,123.9,0.131,6-10,240.0,29.0,43636000.0,43.64
201566,Russell Westbrook,SAC,52,29.3,15.3,5.7,6.6,1.3,0.2,0.43,0.345,0.697,0.5152671755725191,0.5337705833100754,0.251,-11.8,109.8,121.7,0.106,6-4,200.0,37.0,2296274.0,2.3
1631095,Jabari Smith Jr.,HOU,51,35.1,15.2,7.0,1.9,0.8,1.0,0.436,0.36,0.771,0.52,0.5552308591466978,0.175,5.0,117.2,112.2,0.09,6-11,220.0,22.0,12350392.0,12.35
1641824,Matas Buzelis,CHI,54,28.3,15.2,5.3,2.0,0.6,1.5,0.474,0.37,0.778,0.5614035087719298,0.5995582202587567,0.212,-3.4,112.3,115.7,0.093,6-8,196.0,21.0,5455560.0,5.46
1630560,Cam Thomas,MIL,25,23.8,15.2,1.8,3.0,0.2,0.1,0.396,0.322,0.845,0.46,0.5264616237184816,0.293,-11.3,110.9,122.2,0.087,6-3,210.0,24.0,5993172.0,5.99
1642273,Kyshawn George,WAS,42,30.3,15.1,5.5,4.9,1.1,0.9,0.444,0.379,0.782,0.532520325203252,0.5615888128533174,0.218,-10.3,108.5,118.8,0.09,6-8,200.0,22.0,2966760.0,2.97
1630245,Ayo Dosunmu,MIN,47,26.4,15.1,2.9,3.6,0.8,0.3,0.516,0.451,0.858,0.6055045871559632,0.6338146406984553,0.202,-4.4,110.6,115.0,0.111,6-4,201.0,26.0,7518519.0,7.52
1631170,Jaime Jaquez Jr.,MIA,50,28.8,15.1,5.4,4.7,0.8,0.3,0.507,0.278,0.748,0.5291666666666667,0.5630966587112172,0.214,3.2,111.9,108.7,0.113,6-6,225.0,24.0,3861600.0,3.86
1630230,Naji Marshall,DAL,52,29.6,15.0,5.0,3.0,1.0,0.1,0.531,0.314,0.779,0.5721153846153846,0.6190161769560911,0.185,-2.5,109.9,112.4,0.111,6-6,220.0,28.0,9000000.0,9.0
1631212,Peyton Watson,DEN,49,30.7,14.9,4.9,2.0,1.0,1.2,0.496,0.417,0.727,0.5642201834862386,0.5967638577379045,0.2,5.8,123.9,118.1,0.087,6-8,200.0,23.0,4356476.0,4.36
1630183,Jaden McDaniels,MIN,53,32.1,14.9,4.2,2.8,0.9,1.0,0.518,0.45,0.845,0.5825688073394495,0.623118099698896,0.177,5.9,117.6,111.6,0.087,6-9,185.0,25.0,24858622.0,24.86
1642845,VJ Edgecombe,PHI,49,35.4,14.9,5.4,4.2,1.5,0.5,0.424,0.358,0.783,0.5,0.5316871253211533,0.187,1.8,115.3,113.5,0.084,6-4,180.0,20.0,11108880.0,11.11
201950,Jrue Holiday,POR,25,28.0,14.8,4.5,6.5,1.3,0.1,0.447,0.362,0.796,0.532258064516129,0.5572289156626505,0.22,4.3,115.7,111.5,0.123,6-4,220.0,35.0,32400000.0,32.4
1631099,Keegan Murray,SAC,19,35.9,14.6,6.1,1.5,1.2,1.6,0.429,0.272,0.789,0.474264705882353,0.5041436464088398,0.183,-9.8,108.0,117.8,0.081,6-8,225.0,25.0,11144093.0,11.14
1628386,Jarrett Allen,CLE,42,27.3,14.5,8.3,2.0,1.0,0.8,0.615,0.111,0.746,0.6129032258064516,0.6555153707052441,0.186,5.5,118.6,113.0,0.135,6-9,243.0,27.0,20000000.0,20.0
1629014,Anfernee Simons,CHI,52,25.0,14.5,2.4,2.5,0.5,0.2,0.444,0.391,0.893,0.5635593220338982,0.5839239690721649,0.227,4.3,118.6,114.3,0.099,6-3,200.0,26.0,27678571.0,27.68
1629673,Jordan Poole,NOP,28,25.4,14.5,1.8,3.1,0.7,0.3,0.37,0.336,0.876,0.4752066115702479,0.531524926686217,0.24,-8.3,109.7,117.9,0.073,6-4,194.0,26.0,31848215.0,31.85
1630170,Devin Vassell,SAS,39,31.0,14.4,3.9,2.4,0.8,0.4,0.421,0.356,0.844,0.5245901639344263,0.5504587155963303,0.186,8.5,118.9,110.4,0.082,6-5,200.0,25.0,27000000.0,27.0
1629012,Collin Sexton,CHI,44,22.7,14.4,2.0,3.7,0.8,0.2,0.482,0.383,0.873,0.5495049504950495,0.6116207951070336,0.251,-0.6,111.8,112.4,0.116,6-3,190.0,27.0,19170000.0,19.17
1631117,Walker Kessler,UTA,5,30.8,14.4,10.8,3.0,1.4,1.8,0.703,0.75,0.7,0.7837837837837838,0.7860262008733625,0.167,4.8,118.8,114.0,0.138,7-2,245.0,24.0,4878938.0,4.88
1627826,Ivica Zubac,IND,43,30.9,14.4,11.0,2.2,0.4,0.8,0.613,0.0,0.705,0.61,0.6335797254487856,0.184,-0.8,115.7,116.5,0.132,7-0,240.0,28.0,18102000.0,18.1
1626162,Kelly Oubre Jr.,PHI,31,32.7,14.3,4.6,1.5,1.3,0.6,0.478,0.379,0.756,0.5694444444444444,0.594248670212766,0.17,0.4,116.0,115.6,0.082,6-8,203.0,30.0,8382150.0,8.38
1629675,Naz Reid,MIN,55,26.3,14.2,6.4,2.5,1.0,0.9,0.469,0.384,0.744,0.5701754385964912,0.5887230514096186,0.211,3.4,113.8,110.4,0.123,6-9,264.0,26.0,21551724.0,21.55
1642349,Ajay Mitchell,OKC,43,26.2,14.1,3.5,3.7,1.4,0.3,0.487,0.35,0.87,0.5424528301886793,0.5914429530201342,0.213,15.9,116.8,100.9,0.121,6-4,190.0,23.0,3000000.0,3.0
1642281,Jaylon Tyson,CLE,49,27.9,14.0,5.4,2.3,0.9,0.4,0.516,0.477,0.75,0.616504854368932,0.6361323155216284,0.184,4.2,117.9,113.7,0.096,6-6,215.0,23.0,3492480.0,3.49
1630591,Jalen Suggs,ORL,32,26.4,14.0,4.1,5.4,1.9,0.7,0.447,0.323,0.843,0.5360360360360361,0.5717085919634106,0.225,7.2,113.9,106.7,0.118,6-5,205.0,24.0,35000000.0,35.0
1629023,P.J. Washington,DAL,38,30.6,14.0,7.1,1.9,1.0,1.3,0.446,0.305,0.661,0.4916666666666666,0.5220763723150358,0.203,-7.7,104.3,111.9,0.095,6-7,230.0,27.0,14152174.0,14.15
1630583,Santi Aldama,MEM,43,27.9,14.0,6.7,2.9,0.9,0.7,0.479,0.35,0.667,0.5495495495495495,0.5696614583333334,0.191,-2.4,113.6,116.0,0.115,7-0,215.0,25.0,18485916.0,18.49
203501,Tim Hardaway Jr.,DEN,53,27.5,14.0,2.6,1.3,0.5,0.2,0.447,0.404,0.863,0.5841584158415842,0.625,0.178,4.5,120.3,115.8,0.087,6-5,205.0,33.0,2296274.0,2.3
1630167,Obi Toppin,IND,3,27.4,14.0,6.7,1.7,1.0,0.0,0.417,0.176,1.0,0.4583333333333333,0.5255255255255256,0.232,-6.5,111.9,118.4,0.102,6-9,220.0,27.0,14000000.0,14.0
1628381,John Collins,LAC,50,27.8,13.9,5.1,0.9,0.8,0.8,0.566,0.436,0.783,0.6421052631578948,0.6667306216423639,0.182,0.0,114.7,114.7,0.098,6-9,226.0,28.0,26580000.0,26.58
1629631,De'Andre Hunter,SAC,45,26.1,13.7,4.1,2.0,0.7,0.1,0.415,0.305,0.867,0.4909909909909909,0.547649504317237,0.218,-0.9,114.1,115.0,0.077,6-7,221.0,28.0,23303571.0,23.3
1641744,Zach Edey,MEM,11,25.8,13.6,11.1,1.1,0.6,1.9,0.633,0.2,0.781,0.6348314606741572,0.6682389937106918,0.2,18.3,112.8,94.5,0.157,7-3,305.0,23.0,6045000.0,6.04
1630174,Aaron Nesmith,IND,32,30.5,13.6,4.8,2.1,0.7,0.6,0.389,0.371,0.814,0.4913793103448276,0.5317485142320926,0.187,-5.4,110.2,115.6,0.069,6-5,215.0,26.0,11000000.0,11.0
202699,Tobias Harris,DET,36,27.8,13.5,4.7,2.4,0.9,0.2,0.456,0.357,0.884,0.5233644859813085,0.5699088145896657,0.184,7.0,117.0,109.9,0.106,6-8,226.0,33.0,26634146.0,26.63
1629640,Keldon Johnson,SAS,52,23.8,13.5,5.9,1.4,0.7,0.2,0.552,0.389,0.787,0.6129032258064515,0.6463040980467254,0.195,4.4,113.3,108.9,0.131,6-6,220.0,26.0,17500000.0,17.5
1631221,Collin Gillespie,PHX,53,28.4,13.4,4.2,4.7,1.4,0.2,0.436,0.423,0.846,0.5794392523364487,0.596722479515497,0.186,5.2,113.7,108.4,0.119,6-1,195.0,26.0,2296274.0,2.3
1642907,Cedric Coward,MEM,48,26.3,13.3,6.2,2.9,0.6,0.4,0.468,0.34,0.843,0.5432692307692308,0.5782608695652174,0.2,1.0,112.5,111.6,0.11,6-5,206.0,22.0,5715120.0,5.72
1626171,Bobby Portis,MIL,49,24.4,13.3,6.6,1.6,0.5,0.2,0.484,0.456,0.711,0.5720720720720721,0.5784620737647878,0.222,-8.1,108.2,116.3,0.122,6-9,250.0,31.0,13580247.0,13.58
1641739,Toumani Camara,POR,54,33.6,13.2,5.3,2.6,1.0,0.4,0.438,0.364,0.714,0.5607476635514019,0.5765199161425577,0.159,-0.1,114.0,114.1,0.068,6-7,230.0,25.0,2221677.0,2.22
1629028,Deandre Ayton,LAL,46,28.2,13.2,8.5,0.9,0.6,1.0,0.675,0.0,0.646,0.6666666666666666,0.6740196078431372,0.168,-1.2,116.1,117.3,0.118,7-0,252.0,27.0,8104000.0,8.1
1642847,Jeremiah Fears,NOP,55,25.5,13.2,3.6,3.0,1.3,0.3,0.431,0.328,0.814,0.4784482758620689,0.5178907721280602,0.238,-9.1,110.7,119.8,0.084,6-3,190.0,19.0,7520040.0,7.52
1631108,Max Christie,DAL,49,29.7,13.1,3.4,2.2,0.6,0.4,0.464,0.425,0.874,0.5927835051546392,0.6216780561883067,0.162,-4.1,109.8,114.0,0.089,6-5,190.0,23.0,7714286.0,7.71
1641730,Noah Clowney,BKN,47,28.4,13.0,4.3,1.8,0.7,0.8,0.392,0.322,0.798,0.5,0.5542291950886766,0.206,-4.7,112.7,117.4,0.069,6-10,210.0,21.0,3398640.0,3.4
1628978,Donte DiVincenzo,MIN,55,31.2,13.0,4.5,4.2,1.4,0.5,0.413,0.385,0.753,0.5613207547169812,0.5772646536412078,0.167,7.4,118.3,110.9,0.089,6-4,203.0,29.0,11990000.0,11.99
1630241,Sam Merrill,CLE,30,25.4,13.0,2.2,2.3,0.6,0.1,0.465,0.452,0.875,0.6428571428571428,0.6720430107526881,0.169,8.5,118.9,110.4,0.08,6-4,205.0,29.0,8482143.0,8.48
1630540,Miles McBride,NYK,35,28.0,12.9,2.6,2.8,0.9,0.2,0.434,0.42,0.814,0.5776699029126213,0.5956778721832287,0.17,10.3,121.2,111.0,0.086,6-2,195.0,25.0,4333333.0,4.33
1642848,Tre Johnson,WAS,39,25.1,12.9,2.7,2.2,0.6,0.3,0.444,0.393,0.891,0.5523809523809524,0.5756872545519457,0.206,-6.4,110.7,117.1,0.079,6-5,190.0,19.0,8237640.0,8.24
1626167,Myles Turner,MIL,49,28.5,12.9,5.7,1.6,0.7,1.7,0.441,0.386,0.756,0.5510204081632653,0.5846627991298042,0.184,-2.2,112.5,114.7,0.089,6-11,250.0,29.0,25318251.0,25.32
1628398,Kyle Kuzma,MIL,48,26.7,12.8,5.0,2.6,0.6,0.4,0.491,0.331,0.722,0.5454545454545455,0.5704099821746881,0.207,-6.1,110.1,116.2,0.095,6-8,221.0,30.0,21810605.0,21.81
1629656,Quentin Grimes,PHI,48,29.9,12.7,3.8,3.6,0.9,0.4,0.439,0.341,0.859,0.5319148936170213,0.5899293942772202,0.172,0.6,112.5,111.9,0.092,6-4,210.0,25.0,8741209.0,8.74
1630314,Brandon Williams,DAL,45,21.8,12.6,2.8,3.6,1.0,0.2,0.464,0.218,0.781,0.4947916666666667,0.5545774647887324,0.244,-0.5,112.0,112.5,0.108,6-1,190.0,26.0,2270735.0,2.27
1642263,Reed Sheppard,HOU,52,24.7,12.6,2.6,3.0,1.4,0.6,0.425,0.383,0.776,0.5363636363636364,0.54858934169279,0.207,4.2,114.1,109.9,0.099,6-2,185.0,21.0,10603560.0,10.6
1629651,Nic Claxton,BKN,50,29.3,12.5,7.3,4.0,0.7,1.3,0.59,0.214,0.607,0.5919540229885057,0.605151045701007,0.172,-10.5,110.0,120.5,0.121,6-11,215.0,26.0,25352272.0,25.35
1628370,Malik Monk,SAC,43,22.2,12.4,2.0,2.6,0.7,0.4,0.436,0.426,0.877,0.5396039603960396,0.5715339233038349,0.23,-3.9,111.0,114.9,0.093,6-3,200.0,28.0,18797618.0,18.8
1630200,Tre Jones,CHI,38,26.9,12.4,3.0,5.8,1.3,0.2,0.55,0.328,0.848,0.5949367088607594,0.6537326022775201,0.166,-1.9,113.4,115.3,0.121,6-1,190.0,26.0,8000000.0,8.0
203471,Dennis Schröder,CLE,43,26.0,12.4,3.0,5.2,0.9,0.1,0.403,0.324,0.816,0.4619047619047619,0.5206583809203897,0.223,-9.4,107.9,117.3,0.099,6-1,175.0,32.0,14104000.0,14.1
1628404,Josh Hart,NYK,42,30.6,12.3,7.6,5.1,1.2,0.3,0.504,0.409,0.738,0.5869565217391304,0.6101190476190477,0.164,5.8,118.4,112.5,0.123,6-5,215.0,30.0,19472240.0,19.47
1631106,Tari Eason,HOU,30,25.1,12.2,6.3,1.4,1.3,0.6,0.457,0.472,0.625,0.5643564356435643,0.5763416477702192,0.194,5.9,116.8,111.0,0.1,6-8,215.0,24.0,5675766.0,5.68
1642852,Derik Queen,NOP,54,25.9,12.2,7.3,4.2,1.1,0.9,0.491,0.269,0.777,0.5052083333333334,0.5541424418604651,0.217,-6.6,112.6,119.2,0.114,6-9,250.0,21.0,5157960.0,5.16
1629130,Duncan Robinson,DET,50,28.2,12.2,2.7,1.9,0.6,0.3,0.44,0.401,0.739,0.5904255319148936,0.6090255591054313,0.151,9.1,119.0,109.9,0.075,6-7,215.0,31.0,16834692.0,16.83
1631109,Mark Williams,PHX,49,24.2,12.2,8.2,1.1,1.0,1.0,0.664,1.0,0.77,0.6621621621621622,0.6960292104062071,0.166,2.1,114.5,112.4,0.146,7-1,240.0,24.0,6276531.0,6.28
1641729,Brice Sensabaugh,UTA,51,21.6,12.1,2.9,1.6,0.7,0.1,0.448,0.338,0.855,0.5372340425531914,0.5810603150211294,0.218,-8.2,111.9,120.1,0.084,6-6,235.0,22.0,2693760.0,2.69
1629060,Rui Hachimura,LAL,42,29.8,12.1,3.5,0.9,0.5,0.3,0.513,0.448,0.735,0.6153846153846154,0.6283755712505192,0.148,1.0,117.0,116.0,0.074,6-8,230.0,28.0,18259259.0,18.26
1630228,Jonathan Kuminga,ATL,20,23.8,12.1,5.9,2.5,0.4,0.3,0.454,0.321,0.742,0.5000000000000001,0.5425035868005739,0.239,-2.1,110.7,112.8,0.099,6-7,225.0,23.0,22500000.0,22.5
1630590,Scotty Pippen Jr.,MEM,2,21.1,12.0,1.5,5.0,2.5,0.5,0.643,0.667,1.0,0.7142857142857143,0.7614213197969544,0.19,-3.0,111.1,114.1,0.134,6-2,170.0,25.0,2270735.0,2.27
1642377,Jaylen Wells,MEM,51,26.9,12.0,3.5,1.7,0.8,0.1,0.409,0.335,0.763,0.49009900990099,0.5336179295624333,0.185,-3.7,112.5,116.2,0.064,6-7,,22.0,1955377.0,1.96
1641764,Brandin Podziemski,GSW,54,26.7,11.9,4.6,3.6,1.1,0.2,0.449,0.372,0.758,0.5372340425531914,0.5690512624330528,0.185,2.4,110.7,108.3,0.105,6-4,205.0,22.0,3687960.0,3.69
1642285,Cam Spencer,MEM,50,24.2,11.8,2.7,5.6,0.7,0.1,0.484,0.453,0.931,0.625,0.6644144144144144,0.171,-0.7,112.7,113.5,0.124,6-3,205.0,25.0,2537989.0,2.54
1629661,Cameron Johnson,DEN,30,30.5,11.7,3.6,2.3,0.7,0.3,0.475,0.439,0.81,0.5872093023255814,0.6199660873251377,0.144,11.3,126.4,115.2,0.068,6-8,210.0,29.0,21057065.0,21.06
1628976,Wendell Carter Jr.,ORL,50,29.5,11.7,7.3,2.1,0.8,0.7,0.498,0.337,0.787,0.5654761904761905,0.6073504983388704,0.154,1.0,112.7,111.7,0.094,6-10,270.0,26.0,10850000.0,10.85
1642846,Ace Bailey,UTA,47,26.1,11.6,3.8,1.6,0.8,0.5,0.447,0.338,0.708,0.5190476190476191,0.5301645338208409,0.189,-10.7,110.1,120.9,0.061,6-9,200.0,19.0,9069840.0,9.07
202691,Klay Thompson,DAL,48,22.1,11.6,2.4,1.4,0.5,0.3,0.386,0.376,0.73,0.5235849056603774,0.5295836376917458,0.208,-4.0,103.9,108.0,0.079,6-5,220.0,36.0,16666667.0,16.67
1629111,Jock Landale,ATL,48,23.5,11.5,6.4,1.7,0.5,0.5,0.526,0.4,0.674,0.5930232558139534,0.6065400843881856,0.18,-4.7,114.4,119.0,0.103,6-11,255.0,30.0,2296274.0,2.3
1630572,Sandro Mamukelashvili,TOR,52,22.7,11.5,5.0,2.0,0.8,0.6,0.53,0.389,0.76,0.617283950617284,0.6403118040089086,0.177,3.5,113.2,109.6,0.122,6-9,240.0,26.0,2461463.0,2.46
1630703,Scoot Henderson,POR,2,20.5,11.5,3.5,8.0,1.0,0.0,0.4,0.2,0.75,0.4666666666666667,0.5670611439842209,0.264,23.7,121.5,97.8,0.109,6-3,207.0,22.0,10748040.0,10.75
1642270,Donovan Clingan,POR,50,27.5,11.5,11.4,2.0,0.5,1.4,0.524,0.318,0.667,0.5764705882352942,0.6017161992465466,0.15,-0.1,114.5,114.6,0.13,7-2,280.0,21.0,7178400.0,7.18
1629001,De'Anthony Melton,GSW,27,21.6,11.5,2.8,2.2,1.6,0.4,0.413,0.27,0.818,0.475,0.5200795947901592,0.244,16.9,121.8,104.9,0.083,6-2,200.0,27.0,3080921.0,3.08
1630541,Moses Moody,GSW,52,24.9,11.4,3.3,1.5,1.0,0.6,0.435,0.401,0.774,0.5681818181818181,0.5942452043369475,0.17,3.4,111.3,108.0,0.082,6-5,211.0,23.0,11574074.0,11.57
1630700,Dyson Daniels,ATL,52,33.7,11.4,6.5,6.2,1.9,0.4,0.493,0.135,0.609,0.5048543689320387,0.5159304851556843,0.159,1.3,114.8,113.6,0.096,6-7,199.0,22.0,7707709.0,7.71
1630577,Julian Champagnie,SAS,52,28.3,11.4,6.0,1.4,0.8,0.4,0.427,0.374,0.85,0.5755813953488372,0.6040695209834676,0.148,9.7,118.4,108.7,0.093,6-7,217.0,24.0,3000000.0,3.0
1642276,Kel'el Ware,MIA,51,22.2,11.2,9.2,0.6,0.8,1.0,0.534,0.397,0.781,0.6011904761904762,0.6211180124223602,0.175,-2.3,110.6,112.9,0.137,7-0,230.0,21.0,4443360.0,4.44
1630224,Jalen Green,PHX,7,15.2,11.1,2.1,2.3,0.4,0.0,0.409,0.351,0.846,0.5159574468085106,0.5422039859320046,0.295,24.5,124.0,99.6,0.126,6-4,186.0,24.0,33548499.0,33.55
203994,Jusuf Nurkić,UTA,40,26.4,11.0,10.4,4.8,1.3,0.6,0.5,0.357,0.549,0.5340909090909091,0.5482456140350878,0.187,-8.4,109.2,117.6,0.121,6-11,290.0,31.0,19375000.0,19.38
203497,Rudy Gobert,MIN,53,31.3,10.9,11.2,1.7,0.8,1.6,0.702,0.0,0.493,0.7142857142857143,0.6761786600496278,0.124,6.7,114.8,108.1,0.118,7-1,258.0,33.0,35000000.0,35.0
1642844,Dylan Harper,SAS,41,21.4,10.7,3.3,3.5,0.9,0.4,0.457,0.252,0.738,0.4893617021276595,0.5204280155642023,0.223,7.4,114.1,106.7,0.105,6-5,215.0,19.0,12370320.0,12.37
1628392,Isaiah Hartenstein,OKC,29,26.0,10.7,9.9,3.5,1.1,0.7,0.63,0.0,0.64,0.625,0.6411792905081495,0.165,13.0,118.1,105.1,0.141,7-0,250.0,27.0,28500000.0,28.5
1630598,Aaron Wiggins,OKC,39,23.8,10.7,3.5,1.8,1.0,0.6,0.445,0.392,0.735,0.5511363636363635,0.5708493384549722,0.19,8.5,113.0,104.6,0.091,6-5,190.0,27.0,10102802.0,10.1
1642258,Zaccharie Risacher,ATL,41,24.3,10.7,3.5,1.3,0.9,0.5,0.451,0.352,0.625,0.5271739130434783,0.5450285248573757,0.177,-0.8,113.4,114.2,0.064,6-8,200.0,20.0,13197720.0,13.2
1642856,Egor Dëmin,BKN,45,24.9,10.7,3.1,3.3,0.8,0.3,0.407,0.395,0.852,0.5511363636363635,0.573542024013722,0.19,-4.7,109.7,114.4,0.085,6-8,200.0,19.0,6889200.0,6.89
1631260,AJ Green,MIL,47,30.0,10.6,2.7,2.0,0.5,0.1,0.442,0.432,0.794,0.6392405063291139,0.6457115009746588,0.128,-0.8,114.3,115.1,0.06,6-4,190.0,26.0,2301587.0,2.3
203084,Harrison Barnes,SAS,52,28.0,10.6,2.9,2.1,0.6,0.2,0.44,0.376,0.839,0.5548780487804879,0.5894128113879004,0.148,4.7,117.1,112.4,0.07,6-7,225.0,33.0,19000000.0,19.0
203114,Khris Middleton,DAL,35,24.2,10.4,4.0,3.2,0.7,0.3,0.433,0.337,0.846,0.4942528735632184,0.5378568473314026,0.189,-8.5,111.0,119.5,0.077,6-7,222.0,34.0,33926296.0,33.93
1641709,Ausar Thompson,DET,48,25.8,10.4,6.0,2.7,1.9,0.8,0.51,0.3,0.58,0.5240963855421686,0.5405405405405405,0.176,8.6,117.4,108.8,0.099,6-7,205.0,23.0,8775000.0,8.78
1628989,Kevin Huerter,DET,47,22.6,10.4,3.7,2.5,0.8,0.6,0.454,0.306,0.732,0.5397727272727272,0.5574614065180102,0.187,-1.2,111.8,113.0,0.089,6-6,190.0,27.0,17991071.0,17.99
1641716,Jarace Walker,IND,53,23.9,10.3,4.5,2.0,0.8,0.3,0.4,0.365,0.788,0.4886363636363636,0.5296174413821473,0.193,-11.3,104.5,115.8,0.083,6-7,235.0,22.0,6665520.0,6.67
1628963,Marvin Bagley III,DAL,40,19.5,10.3,5.9,1.5,0.5,0.8,0.621,0.45,0.676,0.6363636363636362,0.6612737544940935,0.182,-7.7,110.4,118.0,0.124,6-10,235.0,26.0,2296274.0,2.3
1642268,Isaiah Collier,UTA,46,25.3,10.3,2.7,7.2,1.0,0.3,0.51,0.278,0.686,0.5394736842105263,0.5773542600896862,0.184,-12.7,110.6,123.3,0.098,6-4,210.0,21.0,2638200.0,2.64
1626220,Royce O'Neale,PHX,54,29.5,10.3,4.9,2.9,1.2,0.3,0.425,0.407,0.679,0.5952380952380952,0.5974477958236659,0.143,-1.4,112.8,114.2,0.082,6-6,226.0,32.0,10125000.0,10.12
1630198,Isaiah Joe,OKC,45,21.0,10.2,2.5,1.4,0.6,0.2,0.436,0.403,0.885,0.6041666666666666,0.64167086059386,0.172,10.2,117.2,107.0,0.089,6-4,165.0,26.0,12362338.0,12.36
1642267,Bub Carrington,WAS,52,28.1,10.2,3.5,4.6,0.6,0.2,0.401,0.397,0.761,0.5170454545454545,0.5416312659303313,0.169,-14.5,106.9,121.4,0.068,6-4,190.0,20.0,4677600.0,4.68
1626156,D'Angelo Russell,WAS,26,19.0,10.2,2.3,4.0,0.5,0.1,0.405,0.295,0.717,0.4775280898876404,0.5145278450363195,0.261,-3.3,107.9,111.2,0.098,6-3,193.0,29.0,5685000.0,5.68
1630188,Jalen Smith,CHI,43,20.2,10.2,6.9,1.3,0.4,0.8,0.488,0.379,0.718,0.5855263157894738,0.610924772400575,0.186,4.8,118.1,113.3,0.115,6-8,244.0,25.0,9000000.0,9.0
1641796,Pelle Larsson,MIA,45,23.9,10.2,3.3,3.3,0.6,0.2,0.495,0.333,0.767,0.5608108108108109,0.5969101123595505,0.158,1.7,113.5,111.8,0.089,6-5,215.0,24.0,1955377.0,1.96
1630191,Isaiah Stewart,DET,48,23.2,10.0,5.1,1.1,0.3,1.7,0.54,0.321,0.76,0.5845070422535211,0.6197322756569162,0.161,2.3,112.1,109.8,0.093,6-8,250.0,24.0,15000000.0,15.0
1642875,Maxime Raynaud,SAC,47,23.4,9.9,6.7,1.0,0.5,0.5,0.555,0.275,0.75,0.5657894736842105,0.5929563967417346,0.166,-11.5,108.4,119.8,0.1,7-1,250.0,22.0,1272870.0,1.27
203935,Marcus Smart,LAL,43,28.5,9.9,3.0,2.8,1.3,0.3,0.407,0.338,0.828,0.5128205128205129,0.5617339990921472,0.157,3.0,115.9,112.9,0.06,6-3,220.0,31.0,5134000.0,5.13
1627884,Derrick Jones Jr.,LAC,21,24.5,9.9,2.6,1.1,0.9,1.0,0.543,0.394,0.763,0.6268656716417911,0.6607047517351842,0.142,-1.1,116.3,117.4,0.078,6-6,210.0,28.0,10000000.0,10.0
1629674,Neemias Queta,BOS,50,25.3,9.8,8.3,1.5,0.9,1.3,0.635,0.0,0.67,0.6307692307692307,0.6561328334226032,0.146,11.7,117.1,105.4,0.124,7-0,248.0,26.0,2349578.0,2.35
1630557,Corey Kispert,ATL,34,20.3,9.8,2.4,1.7,0.4,0.1,0.469,0.367,0.817,0.5833333333333334,0.6131131131131131,0.171,-9.8,108.7,118.6,0.085,6-6,224.0,26.0,13975000.0,13.98
1641731,Bilal Coulibaly,WAS,32,26.9,9.7,4.6,2.5,1.4,0.9,0.388,0.262,0.767,0.4506172839506173,0.5100967606226335,0.169,-10.5,108.9,119.4,0.067,6-7,195.0,21.0,7275600.0,7.28
1628380,Zach Collins,CHI,10,18.4,9.7,5.6,1.5,0.2,0.4,0.578,0.429,0.7,0.6484375,0.6662087912087912,0.177,3.4,115.0,111.6,0.123,6-9,240.0,28.0,18080496.0,18.08
1627751,Jakob Poeltl,TOR,21,25.3,9.7,7.7,2.1,0.8,0.5,0.693,0.0,0.596,0.7000000000000001,0.6960390355912743,0.141,-0.7,111.9,112.5,0.108,7-0,253.0,30.0,19500000.0,19.5
1631128,Christian Braun,DEN,18,29.8,9.7,4.2,2.6,0.6,0.4,0.465,0.25,0.762,0.5063291139240506,0.544210053859964,0.142,10.9,123.0,112.1,0.063,6-6,220.0,24.0,4921797.0,4.92
1642271,Kyle Filipowski,UTA,53,22.2,9.7,6.7,2.0,0.8,0.4,0.483,0.338,0.714,0.5405405405405405,0.5735572374645223,0.179,-5.1,114.1,119.2,0.095,6-11,250.0,22.0,3000000.0,3.0
204456,T.J. McConnell,IND,40,17.0,9.6,2.2,4.8,1.1,0.2,0.539,0.316,0.938,0.5602409638554217,0.5663048607833883,0.237,-5.3,106.9,112.2,0.157,6-1,190.0,33.0,10200000.0,10.2
1629013,Landry Shamet,NYK,29,21.9,9.6,1.9,1.4,0.5,0.2,0.439,0.424,0.723,0.591549295774648,0.6150691952844696,0.152,5.4,113.5,108.1,0.08,6-5,190.0,28.0,2296274.0,2.3
1630533,Ziaire Williams,BKN,37,22.8,9.5,2.5,0.8,1.2,0.5,0.411,0.309,0.859,0.5270270270270271,0.5706391158097068,0.172,-10.1,105.0,115.0,0.068,6-9,185.0,24.0,6250000.0,6.25
1631222,Jake LaRavia,LAL,52,27.0,9.4,4.1,1.9,1.4,0.5,0.462,0.321,0.755,0.5273972602739726,0.5714980544747081,0.144,-3.0,114.7,117.7,0.072,6-7,235.0,24.0,6000000.0,6.0
1641757,Jordan Miller,LAC,32,19.8,9.3,3.2,1.7,0.7,0.2,0.515,0.362,0.787,0.5901639344262296,0.6342062193126023,0.19,-0.1,112.3,112.4,0.109,6-5,194.0,26.0,2191897.0,2.19
1641715,Cam Whitmore,WAS,21,16.9,9.2,2.8,0.7,0.7,0.4,0.456,0.286,0.742,0.5125000000000001,0.5311778290993071,0.225,-19.6,104.4,124.0,0.082,6-6,230.0,21.0,3539760.0,3.54
203903,Jordan Clarkson,NYK,50,19.0,9.1,1.8,1.3,0.4,0.1,0.432,0.333,0.794,0.5063291139240506,0.5342883983090653,0.204,-0.3,113.6,113.9,0.059,6-5,194.0,33.0,2296274.0,2.3
202685,Jonas Valančiūnas,DEN,42,14.6,9.1,5.2,1.3,0.2,0.7,0.577,0.278,0.761,0.5859375,0.6175352877307274,0.256,-3.9,114.8,118.7,0.139,6-11,265.0,33.0,10395000.0,10.4
1629021,Moritz Wagner,ORL,12,11.5,9.0,3.1,0.3,0.5,0.0,0.493,0.469,0.864,0.5952380952380952,0.6345177664974619,0.262,-16.1,103.7,119.8,0.139,6-11,245.0,28.0,5000000.0,5.0
1630558,Davion Mitchell,MIA,45,28.9,9.0,2.5,7.1,1.1,0.1,0.473,0.405,0.667,0.56,0.5636272545090181,0.136,6.1,115.7,109.6,0.083,6-0,202.0,27.0,11600000.0,11.6
1630573,Sam Hauser,BOS,50,24.1,9.0,3.8,1.4,0.6,0.3,0.408,0.388,0.917,0.5789473684210527,0.5853277835587929,0.145,6.2,118.6,112.4,0.081,6-7,217.0,28.0,10044643.0,10.04
1630529,Herbert Jones,NOP,32,28.6,8.9,3.6,2.7,1.6,0.5,0.39,0.305,0.775,0.4647058823529411,0.4905202821869489,0.15,-1.9,112.6,114.5,0.054,6-7,206.0,27.0,13937574.0,13.94
1630171,Isaac Okoro,CHI,46,26.0,8.9,2.7,1.5,0.7,0.5,0.466,0.324,0.789,0.5428571428571428,0.5743417656169334,0.136,-5.7,115.5,121.2,0.049,6-4,225.0,25.0,11000000.0,11.0
1629004,Svi Mykhailiuk,UTA,44,23.9,8.9,2.5,1.9,0.5,0.1,0.474,0.387,0.92,0.6,0.6126101321585903,0.134,-3.6,114.2,117.8,0.068,6-7,205.0,28.0,3675000.0,3.68
1630249,Vít Krejčí,POR,50,22.3,8.9,2.0,1.5,0.8,0.3,0.457,0.41,0.769,0.6194029850746269,0.6310266591038003,0.14,-1.0,111.0,112.0,0.066,6-8,195.0,25.0,2349578.0,2.35
1629652,Luguentz Dort,OKC,43,27.8,8.7,3.9,1.2,0.9,0.5,0.395,0.354,0.778,0.5194805194805194,0.5402384500745157,0.135,9.4,116.6,107.2,0.051,6-4,220.0,26.0,18222222.0,18.22
1630692,Jordan Goodwin,PHX,51,22.1,8.7,4.7,2.3,1.5,0.2,0.403,0.35,0.707,0.4939024390243902,0.5086529466791394,0.175,6.5,113.8,107.2,0.098,6-3,215.0,27.0,2349578.0,2.35
1630643,Jay Huff,IND,54,19.8,8.6,3.8,1.3,0.5,1.9,0.467,0.319,0.842,0.573529411764706,0.5903349807797913,0.17,-8.5,103.3,111.8,0.094,7-1,240.0,28.0,2349578.0,2.35
1641713,GG Jackson,MEM,32,18.4,8.6,3.6,1.2,0.7,0.6,0.481,0.313,0.725,0.5514705882352942,0.5730277185501066,0.187,-0.7,114.5,115.2,0.091,6-9,210.0,21.0,2221677.0,2.22
1631323,Simone Fontecchio,MIA,52,17.4,8.6,3.3,1.6,0.5,0.2,0.392,0.358,0.829,0.5211267605633803,0.5509994874423373,0.188,3.2,110.9,107.7,0.09,6-7,209.0,30.0,8307692.0,8.31
1641783,Tristan da Silva,ORL,47,22.3,8.6,3.2,1.2,0.9,0.3,0.427,0.368,0.842,0.5263157894736842,0.5407444668008048,0.162,-1.7,110.0,111.7,0.078,6-8,217.0,24.0,3809520.0,3.81
203484,Kentavious Caldwell-Pope,MEM,50,21.2,8.5,2.4,2.7,0.8,0.2,0.413,0.32,0.913,0.4930555555555555,0.5377024291497976,0.174,-4.2,110.9,115.1,0.083,6-5,204.0,32.0,21621500.0,21.62
1631093,Jaden Ivey,CHI,36,17.8,8.5,2.4,1.8,0.6,0.4,0.445,0.38,0.804,0.5507246376811593,0.5687901498929336,0.195,3.2,110.6,107.5,0.091,6-3,195.0,23.0,10107163.0,10.11
1629018,Gary Trent Jr.,MIL,46,24.0,8.5,1.1,1.5,0.6,0.1,0.388,0.365,0.78,0.52,0.5382472137791287,0.15,-12.2,109.4,121.7,0.047,6-5,204.0,27.0,3697105.0,3.7
203110,Draymond Green,GSW,45,26.6,8.4,5.6,5.1,0.9,0.6,0.416,0.33,0.704,0.5136986301369864,0.5365355135411345,0.166,0.0,111.6,111.7,0.081,6-6,230.0,35.0,25892857.0,25.89
1631230,Dominick Barlow,PHI,42,23.8,8.4,5.0,1.2,1.0,0.6,0.556,0.279,0.77,0.5833333333333334,0.618374558303887,0.132,2.3,113.5,111.2,0.088,6-9,215.0,22.0,2270735.0,2.27
1630549,Day'Ron Sharpe,BKN,50,18.3,8.3,6.6,2.2,1.1,0.4,0.606,0.219,0.677,0.6132075471698113,0.644009931719429,0.184,-2.6,107.4,110.1,0.143,6-10,265.0,24.0,6250000.0,6.25
1641717,Cason Wallace,OKC,51,26.7,8.3,3.1,2.2,2.1,0.3,0.432,0.357,0.75,0.5205479452054794,0.5423418714061684,0.133,12.8,116.6,103.9,0.072,6-3,195.0,22.0,5820240.0,5.82
1641750,Ryan Kalkbrenner,CHA,42,22.9,8.3,6.0,0.6,0.6,1.5,0.755,0.0,0.679,0.7446808510638298,0.7496387283236994,0.117,-3.9,109.9,113.8,0.106,7-1,256.0,24.0,2296274.0,2.3
1642874,Danny Wolf,BKN,38,20.1,8.2,4.6,2.0,0.6,0.5,0.409,0.328,0.769,0.4797297297297296,0.5114770459081835,0.19,-5.1,104.8,109.9,0.095,6-11,250.0,21.0,2801280.0,2.8
1631217,Moussa Diabaté,CHA,50,25.2,8.2,8.6,1.6,0.7,1.0,0.632,0.5,0.662,0.627450980392157,0.6520356234096691,0.117,7.7,120.2,112.5,0.11,6-10,210.0,24.0,2270735.0,2.27
203078,Bradley Beal,LAC,6,20.2,8.2,0.8,1.7,0.5,0.0,0.375,0.368,0.75,0.45,0.4783014465702286,0.224,-9.3,119.1,128.5,0.018,6-4,207.0,32.0,5354000.0,5.35
1629655,Daniel Gafford,DAL,37,21.2,8.2,6.5,0.9,0.8,1.4,0.634,0.0,0.755,0.6326530612244897,0.6833333333333332,0.14,-5.9,104.6,110.5,0.106,6-10,265.0,27.0,14386320.0,14.39
1641842,Ronald Holland II,DET,49,20.7,8.1,4.3,1.4,1.4,0.4,0.413,0.229,0.788,0.4583333333333333,0.5012376237623762,0.182,9.4,110.5,101.2,0.088,6-8,206.0,20.0,8657280.0,8.66
1630568,Luka Garza,BOS,44,16.9,7.9,4.3,1.0,0.4,0.5,0.585,0.438,0.797,0.6632653061224489,0.6939564300773015,0.154,6.3,118.8,112.5,0.106,6-10,243.0,27.0,2461463.0,2.46
1642867,Collin Murray-Boyles,TOR,43,22.2,7.9,5.0,2.1,0.9,0.9,0.553,0.348,0.639,0.5833333333333334,0.597037484885127,0.146,0.4,109.8,109.4,0.09,6-7,245.0,20.0,6332520.0,6.33
1628379,Luke Kennard,LAL,48,20.7,7.9,2.1,2.1,0.7,0.1,0.54,0.497,0.914,0.6792452830188679,0.7043509272467904,0.124,-0.4,111.2,111.6,0.09,6-5,206.0,29.0,11000000.0,11.0
1630631,Jose Alvarado,NYK,43,21.9,7.9,2.7,3.1,0.9,0.1,0.414,0.356,0.815,0.5434782608695652,0.5513679508654383,0.157,-3.8,108.7,112.5,0.081,6-0,179.0,27.0,4500000.0,4.5
1627741,Buddy Hield,ATL,45,17.2,7.9,2.4,1.5,0.8,0.2,0.432,0.342,0.794,0.5447761194029851,0.5601247872943845,0.188,-5.3,109.5,114.8,0.082,6-4,220.0,33.0,9219512.0,9.22
1627739,Kris Dunn,LAC,53,27.3,7.8,2.9,3.4,1.5,0.2,0.474,0.36,0.797,0.5483870967741935,0.5796670630202141,0.13,-0.9,114.3,115.2,0.069,6-3,205.0,31.0,5426000.0,5.43
1631246,Vince Williams Jr.,UTA,36,21.1,7.7,3.8,4.4,0.8,0.4,0.352,0.307,0.804,0.44,0.4769573835480674,0.19,0.9,109.0,108.2,0.085,6-4,205.0,25.0,2301587.0,2.3
1631107,Nikola Jović,MIA,43,17.9,7.7,3.5,2.3,0.6,0.4,0.365,0.269,0.691,0.4428571428571429,0.4805292061907139,0.204,0.6,109.4,108.8,0.076,6-10,205.0,22.0,4445417.0,4.45
1627747,Caris LeVert,DET,35,19.7,7.7,1.8,2.9,0.9,0.7,0.434,0.327,0.679,0.5076923076923077,0.5344253192670739,0.172,3.1,109.7,106.7,0.088,6-7,205.0,31.0,14104000.0,14.1
1630551,Justin Champagnie,WAS,49,19.2,7.7,5.7,1.1,0.8,0.6,0.498,0.317,0.757,0.5508474576271186,0.586890243902439,0.151,-10.1,110.0,120.1,0.104,6-6,206.0,24.0,2349578.0,2.35
1642366,Quinten Post,GSW,54,17.1,7.6,3.8,1.4,0.4,0.5,0.435,0.345,0.833,0.5461538461538461,0.5617977528089887,0.18,4.2,112.8,108.6,0.088,7-0,238.0,25.0,1935377.0,1.94
203992,Bogdan Bogdanović,LAC,17,21.9,7.6,2.8,2.6,0.5,0.1,0.372,0.324,0.842,0.4647887323943662,0.5010548523206751,0.179,-4.2,110.7,114.8,0.06,6-5,225.0,33.0,16020000.0,16.02
201143,Al Horford,GSW,33,20.5,7.6,4.9,2.4,0.8,1.1,0.429,0.348,0.895,0.5378787878787878,0.5536130536130536,0.158,0.4,112.2,111.7,0.107,6-8,240.0,39.0,5685000.0,5.68
1629611,Terance Mann,BKN,45,25.3,7.6,3.3,3.5,0.8,0.2,0.455,0.348,0.813,0.5241935483870968,0.5575117370892019,0.134,-6.0,112.5,118.5,0.069,6-6,215.0,29.0,15500000.0,15.5
1628436,Luke Kornet,SAS,42,23.4,7.5,6.8,2.0,0.5,1.2,0.649,0.0,0.793,0.6666666666666666,0.6970260223048327,0.101,3.8,112.3,108.5,0.113,7-1,250.0,30.0,11000000.0,11.0
1628971,Bruce Brown,DEN,54,24.9,7.5,4.0,2.1,1.1,0.3,0.459,0.341,0.771,0.5,0.5387931034482759,0.137,-1.5,114.9,116.4,0.065,6-4,202.0,29.0,2296274.0,2.3
1630538,Bones Hyland,MIN,46,14.9,7.4,1.7,2.6,0.6,0.2,0.469,0.385,0.711,0.5877192982456141,0.6026058631921823,0.189,8.2,117.9,109.8,0.098,6-2,169.0,25.0,2296274.0,2.3
1631213,Tyrese Martin,BKN,37,18.8,7.3,2.9,1.9,0.6,0.1,0.392,0.336,0.731,0.4927536231884058,0.5063817980022197,0.181,-12.1,106.3,118.4,0.08,6-6,215.0,26.0,2191897.0,2.19
203937,Kyle Anderson,MEM,22,20.6,7.3,3.5,2.9,1.2,0.6,0.546,0.6,0.651,0.5648148148148148,0.5812101910828025,0.148,-7.9,107.8,115.7,0.094,6-8,230.0,32.0,9219512.0,9.22
1630544,Tre Mann,CHA,33,16.0,7.2,2.4,2.2,0.5,0.1,0.363,0.328,0.857,0.4527027027027027,0.4697286012526095,0.232,-8.6,110.8,119.4,0.06,6-4,178.0,25.0,8000000.0,8.0
1629750,Javonte Green,DET,52,18.5,7.1,2.7,0.7,1.3,0.3,0.452,0.364,0.795,0.5673076923076923,0.6012872628726287,0.143,6.0,110.5,104.6,0.09,6-5,205.0,32.0,2296274.0,2.3
203552,Seth Curry,GSW,2,16.0,7.0,2.0,1.5,1.0,0.0,0.667,0.5,0.0,0.7777777777777778,0.7777777777777778,0.11,5.4,112.5,107.1,0.112,6-1,185.0,35.0,1755198.0,1.76
1630695,Micah Potter,IND,21,18.2,7.0,4.0,1.5,0.3,0.2,0.441,0.371,0.912,0.5510204081632653,0.6245538900785154,0.144,-4.6,108.5,113.1,0.088,6-9,248.0,27.0,1527805.0,1.53
203083,Andre Drummond,PHI,39,20.0,7.0,8.7,0.9,0.5,0.9,0.502,0.373,0.629,0.5545454545454546,0.5641521598968408,0.147,-3.2,111.3,114.5,0.115,6-11,279.0,32.0,5000000.0,5.0
201567,Kevin Love,UTA,28,17.3,7.0,5.8,1.8,0.3,0.3,0.399,0.364,0.838,0.5357142857142857,0.5670771224886585,0.164,-11.0,116.7,127.7,0.093,6-10,251.0,37.0,4150000.0,4.15
1642849,Nolan Traore,BKN,30,20.6,7.0,1.6,3.4,0.4,0.4,0.388,0.326,0.795,0.4538461538461539,0.4949095022624434,0.178,-9.3,108.0,117.4,0.056,6-3,185.0,19.0,3811560.0,3.81
1642860,Will Riley,WAS,44,16.3,7.0,2.2,1.4,0.6,0.1,0.427,0.34,0.766,0.4833333333333333,0.5255255255255256,0.184,-14.4,103.3,117.7,0.078,6-9,180.0,20.0,3512520.0,3.51
1630702,Jaden Hardy,WAS,34,12.6,6.9,1.4,0.9,0.3,0.1,0.402,0.371,0.775,0.5263157894736842,0.5539499036608864,0.225,4.2,112.4,108.2,0.067,6-3,198.0,23.0,6000000.0,6.0
1642383,Walter Clayton Jr.,MEM,47,18.3,6.9,2.0,3.3,0.6,0.3,0.4,0.298,0.938,0.4745762711864406,0.5294659300184162,0.17,-7.3,112.5,119.8,0.074,6-4,195.0,22.0,3991320.0,3.99
1642347,Jamal Shead,TOR,54,22.2,6.9,1.9,5.4,1.0,0.2,0.368,0.326,0.759,0.4609375,0.4886685552407931,0.155,4.0,113.1,109.0,0.081,6-1,200.0,23.0,1955377.0,1.96
1630172,Patrick Williams,CHI,50,18.9,6.8,2.9,1.2,0.6,0.3,0.382,0.386,0.688,0.4841269841269841,0.5044510385756676,0.163,-11.7,105.9,117.6,0.057,6-6,235.0,24.0,18000000.0,18.0
1629026,Kenrich Williams,OKC,34,15.8,6.7,3.3,1.6,0.6,0.1,0.509,0.383,0.625,0.5980392156862746,0.6095342066957788,0.171,8.3,115.8,107.5,0.102,6-7,210.0,31.0,7163000.0,7.16
1630175,Cole Anthony,PHX,35,15.0,6.7,2.5,3.5,0.6,0.3,0.424,0.306,0.615,0.4696969696969696,0.4849449913144181,0.244,-9.7,103.4,113.1,0.082,6-2,185.0,25.0,2296274.0,2.3
1642954,Will Richard,GSW,49,19.1,6.6,2.5,1.4,1.2,0.1,0.47,0.351,0.822,0.5900000000000001,0.6115641215715345,0.132,1.0,111.5,110.6,0.069,6-3,206.0,23.0,1272870.0,1.27
1642363,Nique Clifford,SAC,51,21.0,6.6,3.0,1.6,0.6,0.3,0.408,0.328,0.704,0.4836065573770492,0.5012150668286756,0.153,-4.3,110.9,115.1,0.052,6-5,175.0,24.0,3108120.0,3.11
1642272,Jared McCain,OKC,39,16.6,6.6,2.1,1.6,0.6,0.1,0.387,0.379,0.88,0.4838709677419354,0.510519801980198,0.178,5.6,114.7,109.1,0.069,6-3,195.0,21.0,4221360.0,4.22
201572,Brook Lopez,LAC,46,18.2,6.6,2.7,0.9,0.5,1.0,0.378,0.346,0.853,0.5,0.523145212428662,0.176,-0.1,111.0,111.1,0.063,7-1,282.0,37.0,8750000.0,8.75
1641711,Gradey Dick,TOR,54,16.1,6.5,2.2,0.7,0.7,0.1,0.425,0.309,0.87,0.5188679245283019,0.5534741144414169,0.162,2.5,110.9,108.4,0.069,6-7,200.0,22.0,4990560.0,4.99
1629637,Jaxson Hayes,LAL,43,17.3,6.5,3.8,0.8,0.4,0.6,0.767,1.0,0.641,0.7714285714285715,0.7572227399813607,0.114,-2.3,112.8,115.1,0.1,7-0,220.0,25.0,3449324.0,3.45
1629057,Robert Williams III,POR,37,16.4,6.5,6.5,1.1,0.6,1.4,0.754,0.438,0.731,0.7894736842105263,0.7911392405063292,0.121,-0.4,111.3,111.8,0.167,6-9,249.0,28.0,13285713.0,13.29
1630543,Isaiah Jackson,LAC,39,16.5,6.4,5.4,0.8,0.7,0.7,0.587,0.0,0.675,0.5813953488372093,0.6177606177606179,0.152,-6.2,107.9,114.2,0.095,6-8,205.0,24.0,7000000.0,7.0
1641767,Ben Sheppard,IND,43,21.4,6.4,3.2,1.8,0.5,0.1,0.398,0.338,0.771,0.5087719298245613,0.5287508261731659,0.125,-9.6,105.2,114.7,0.063,6-6,190.0,24.0,2790720.0,2.79
1642275,Tidjane Salaün,CHA,31,16.0,6.4,4.4,0.8,0.4,0.2,0.518,0.443,0.7,0.6444444444444444,0.6477732793522267,0.147,4.8,115.1,110.3,0.108,6-10,207.0,20.0,7863240.0,7.86
1627936,Alex Caruso,OKC,35,18.6,6.4,2.7,2.1,1.4,0.4,0.434,0.313,0.781,0.5185185185185185,0.5521048999309869,0.147,19.6,119.7,100.1,0.095,6-5,186.0,31.0,18102000.0,18.1
1629684,Grant Williams,CHA,13,18.0,6.4,3.7,1.3,0.5,0.2,0.394,0.304,0.85,0.5,0.5555555555555556,0.135,13.3,114.7,101.4,0.089,6-7,236.0,27.0,13645500.0,13.65
1631104,Blake Wesley,POR,11,15.8,6.3,1.9,3.0,1.1,0.1,0.45,0.368,0.533,0.509090909090909,0.5150425114453892,0.175,-6.6,111.8,118.4,0.081,6-4,190.0,22.0,4726328.0,4.73
1642266,Ja'Kobe Walter,TOR,44,18.4,6.3,2.2,1.0,0.9,0.2,0.43,0.35,0.8,0.5392156862745099,0.5685920577617328,0.136,-4.6,108.0,112.6,0.058,6-4,180.0,21.0,3638160.0,3.64
1642962,Drake Powell,BKN,41,19.1,6.2,1.7,1.6,0.5,0.1,0.434,0.298,0.902,0.52,0.5607814761215629,0.147,-11.6,103.9,115.5,0.06,6-5,195.0,20.0,3372240.0,3.37
1630570,Trendon Watford,PHI,31,16.3,6.2,3.4,2.6,0.3,0.3,0.524,0.37,0.721,0.5638297872340425,0.5831452219714071,0.156,-5.3,111.7,117.0,0.092,6-8,237.0,25.0,2461463.0,2.46
1631119,Jaylin Williams,OKC,39,19.2,6.2,4.9,2.5,0.6,0.6,0.368,0.324,0.768,0.4807692307692307,0.5330123796423659,0.153,13.9,114.2,100.2,0.098,6-9,240.0,23.0,8450794.0,8.45
1631124,Julian Strawther,DEN,31,13.4,6.2,2.1,0.9,0.4,0.1,0.445,0.323,0.784,0.5212765957446809,0.5736491487786824,0.191,-0.6,110.6,111.2,0.088,6-6,205.0,23.0,2674200.0,2.67
1627752,Taurean Prince,MIL,8,21.1,6.1,1.6,1.0,0.8,0.3,0.447,0.429,1.0,0.59375,0.6129421221864951,0.108,4.1,113.6,109.4,0.042,6-6,218.0,31.0,3303774.0,3.3
1642346,Ryan Dunn,PHX,47,19.4,6.1,4.1,1.6,0.9,0.4,0.444,0.333,0.667,0.509090909090909,0.5291464260929909,0.144,3.1,112.3,109.2,0.076,6-7,216.0,23.0,2657760.0,2.66
1641765,Olivier-Maxence Prosper,MEM,28,13.4,6.1,2.8,0.7,0.3,0.1,0.47,0.404,0.87,0.5714285714285714,0.6219412724306688,0.167,-7.9,107.5,115.4,0.093,6-7,230.0,23.0,3007080.0,3.01
1630696,Dru Smith,MIA,54,17.2,6.1,2.6,2.7,1.5,0.3,0.41,0.307,0.843,0.48,0.5347124824684432,0.147,-1.5,107.4,108.9,0.094,6-2,203.0,28.0,2378870.0,2.38
1631200,Kris Murray,POR,34,25.7,6.1,4.0,1.2,1.2,0.4,0.446,0.256,0.738,0.5098039215686274,0.5419331911869225,0.1,-3.7,109.3,113.0,0.055,6-8,218.0,25.0,3132000.0,3.13
1630194,Paul Reed,DET,37,12.2,5.9,4.2,1.2,0.9,0.6,0.591,0.375,0.6,0.6190476190476191,0.623942470389171,0.184,10.2,113.0,102.8,0.138,6-9,210.0,26.0,5335894.0,5.34
1629048,Goga Bitadze,ORL,42,16.0,5.9,5.0,1.2,0.7,1.2,0.687,0.2,0.731,0.6944444444444444,0.7146317829457365,0.117,1.3,111.1,109.9,0.122,6-11,250.0,26.0,8333333.0,8.33
1629731,Dean Wade,CLE,43,22.8,5.8,4.1,1.6,0.8,0.4,0.417,0.34,0.75,0.5531914893617021,0.57403008709422,0.096,5.9,115.0,109.1,0.073,6-9,228.0,29.0,6623456.0,6.62
1631169,Josh Minott,BKN,33,15.9,5.8,3.6,1.0,0.7,0.4,0.507,0.442,0.769,0.6341463414634148,0.651392632524708,0.135,5.3,116.3,111.0,0.098,6-8,205.0,23.0,2378870.0,2.38
1642262,Cody Williams,UTA,40,19.3,5.8,2.3,0.9,0.6,0.4,0.478,0.234,0.613,0.5294117647058825,0.5319148936170213,0.128,-10.6,112.6,123.2,0.041,6-8,190.0,21.0,5742480.0,5.74
1641733,Nick Smith Jr.,LAL,24,12.6,5.8,0.8,1.1,0.3,0.1,0.424,0.397,0.636,0.5288461538461539,0.5350553505535055,0.204,-3.5,111.3,114.8,0.06,6-2,185.0,21.0,2710680.0,2.71
203500,Steven Adams,HOU,32,22.8,5.8,8.6,1.5,0.7,0.6,0.504,0.0,0.58,0.5116279069767442,0.537037037037037,0.116,11.8,117.3,105.5,0.1,6-11,265.0,32.0,14130434.0,14.13
1642883,Sion James,CHA,54,24.0,5.7,3.4,1.9,0.6,0.3,0.378,0.363,0.855,0.4782608695652174,0.5463957055214724,0.106,-0.3,111.9,112.1,0.057,6-5,220.0,23.0,2296274.0,2.3
1630611,Gui Santos,GSW,43,14.3,5.7,2.9,1.4,0.6,0.3,0.529,0.381,0.632,0.6375000000000001,0.6483166515013649,0.15,2.0,108.1,106.1,0.098,6-7,185.0,23.0,2221677.0,2.22
1631204,Marcus Sasser,DET,16,10.2,5.6,0.9,2.0,0.7,0.1,0.456,0.409,0.909,0.5697674418604651,0.607638888888889,0.208,11.2,108.7,97.5,0.133,6-1,195.0,25.0,2886720.0,2.89
1642274,Yves Missi,NOP,47,19.3,5.6,5.6,1.2,0.3,1.4,0.538,0.0,0.569,0.5333333333333333,0.547302580140735,0.121,0.6,113.7,113.1,0.084,6-11,235.0,21.0,3353040.0,3.35
1631165,Keon Ellis,CLE,46,17.7,5.5,1.4,0.7,1.1,0.5,0.395,0.365,0.625,0.5208333333333334,0.538371182458888,0.132,-11.0,104.7,115.7,0.047,6-4,175.0,26.0,2301587.0,2.3
201569,Eric Gordon,PHI,6,12.3,5.5,0.3,0.5,0.7,0.2,0.571,0.571,0.5,0.7571428571428571,0.7571585903083701,0.137,-17.6,102.6,120.1,0.083,6-3,215.0,37.0,3468960.0,3.47
1629618,Jalen Pickett,DEN,38,17.9,5.5,2.7,2.6,0.3,0.1,0.417,0.371,0.909,0.5098039215686275,0.5256116207951071,0.145,-2.6,111.0,113.6,0.084,6-2,202.0,26.0,2221677.0,2.22
1642345,Oso Ighodaro,PHX,54,20.1,5.5,4.6,1.8,0.9,0.6,0.624,0.0,0.493,0.6153846153846154,0.6149373881932022,0.118,6.9,113.2,106.3,0.081,6-11,235.0,23.0,1955377.0,1.96
1642269,Devin Carter,SAC,19,12.5,5.4,2.1,1.8,0.6,0.2,0.398,0.19,0.81,0.4423076923076923,0.4750175932441942,0.206,-7.5,106.3,113.8,0.085,6-2,195.0,23.0,4923720.0,4.92
1630592,Jalen Wilson,BKN,34,14.6,5.4,1.6,0.6,0.4,0.1,0.374,0.354,0.761,0.4782608695652174,0.517638036809816,0.164,-11.3,103.2,114.5,0.052,6-6,220.0,25.0,2221677.0,2.22
1642857,Kasparas Jakučionis,MIA,28,16.7,5.4,2.4,2.4,0.7,0.1,0.397,0.468,0.87,0.5465116279069768,0.5803955288048152,0.129,-1.0,112.0,113.0,0.062,6-5,200.0,19.0,3658800.0,3.66
1641775,Jordan Walsh,BOS,47,18.2,5.4,4.3,0.8,0.8,0.4,0.508,0.378,0.773,0.5875,0.6141947224749773,0.114,5.8,119.3,113.5,0.08,6-6,205.0,21.0,2221677.0,2.22
1629006,Josh Okogie,HOU,51,19.8,5.3,2.9,0.9,0.9,0.2,0.438,0.388,0.6,0.5465116279069768,0.5539297658862876,0.114,4.8,115.3,110.5,0.056,6-4,213.0,27.0,7750000.0,7.75
1641707,Taylor Hendricks,MEM,36,15.5,5.3,3.2,0.8,0.5,0.2,0.438,0.329,0.667,0.5348837209302325,0.5488815244407623,0.138,-17.7,105.3,123.0,0.067,6-9,215.0,22.0,6127080.0,6.13
1642854,Asa Newell,ATL,38,11.5,5.2,2.1,0.5,0.4,0.3,0.541,0.403,0.56,0.6447368421052633,0.6329113924050633,0.16,-2.9,109.4,112.3,0.072,6-10,220.0,20.0,3237480.0,3.24
1628418,Thomas Bryant,CLE,38,10.3,5.2,2.8,0.6,0.2,0.4,0.522,0.366,0.833,0.625,0.6506506506506506,0.168,4.4,112.0,107.6,0.121,6-9,248.0,28.0,2296274.0,2.3
1627780,Gary Payton II,GSW,49,13.0,5.2,3.2,1.5,0.6,0.3,0.541,0.311,0.571,0.5813953488372093,0.5866425992779785,0.164,-3.4,109.7,113.1,0.095,6-2,195.0,33.0,2296274.0,2.3
1628975,Jevon Carter,ORL,24,10.8,5.2,1.1,0.8,0.5,0.1,0.387,0.4,1.0,0.5340909090909091,0.5681818181818181,0.191,-13.6,103.2,116.8,0.076,6-0,190.0,30.0,6809524.0,6.81
1642859,Jase Richardson,ORL,38,12.2,5.1,1.4,1.2,0.3,0.1,0.468,0.364,0.73,0.5365853658536586,0.5616740088105726,0.168,1.3,113.9,112.6,0.073,6-1,180.0,20.0,2983320.0,2.98
1642277,Johnny Furphy,IND,35,18.4,5.1,4.4,1.2,0.6,0.2,0.47,0.324,0.486,0.5465116279069768,0.5379746835443038,0.125,-4.6,110.1,114.8,0.066,6-8,200.0,21.0,1955377.0,1.96
1629234,Drew Eubanks,SAC,32,13.4,5.1,2.6,0.3,0.4,0.6,0.605,0.2,0.558,0.6111111111111112,0.6112176414189836,0.156,-10.1,107.7,117.8,0.072,6-10,245.0,29.0,2296274.0,2.3
1629680,Matisse Thybulle,POR,4,12.2,5.0,1.0,0.8,2.5,0.0,0.6,0.667,1.0,0.8,0.8503401360544218,0.102,21.0,109.6,88.7,0.148,6-5,202.0,28.0,11550000.0,11.55
1629020,Jarred Vanderbilt,LAL,43,19.4,5.0,5.0,1.3,1.0,0.4,0.472,0.293,0.644,0.524390243902439,0.5506607929515418,0.119,2.2,113.7,111.6,0.081,6-8,214.0,26.0,11571429.0,11.57
1642869,Noah Penda,ORL,37,13.9,5.0,3.8,1.2,0.6,0.4,0.435,0.385,0.641,0.5119047619047619,0.533731853116994,0.155,-2.6,110.6,113.2,0.085,6-7,215.0,21.0,1272870.0,1.27
1642878,Tyrese Proctor,CLE,38,10.5,4.9,1.1,1.4,0.4,0.0,0.389,0.347,0.852,0.4886363636363636,0.520390824129142,0.209,-4.1,110.2,114.3,0.076,6-4,185.0,21.0,1272870.0,1.27
1631243,Mouhamed Gueye,ATL,52,16.4,4.9,3.7,1.0,0.8,0.5,0.44,0.274,0.627,0.5,0.5168776371308017,0.131,0.7,111.9,111.2,0.07,6-11,210.0,23.0,2221677.0,2.22
1631255,Karlo Matković,NOP,42,12.9,4.9,3.2,0.7,0.4,0.7,0.6,0.423,0.588,0.6714285714285715,0.6664853101196954,0.129,-7.3,103.8,111.1,0.107,6-10,231.0,24.0,1955377.0,1.96
1642278,Tyler Kolek,NYK,47,13.3,4.9,1.9,2.9,0.4,0.1,0.426,0.365,0.667,0.5108695652173914,0.5129815745393635,0.177,4.2,110.7,106.6,0.092,6-2,195.0,24.0,2191897.0,2.19
1642348,Justin Edwards,PHI,40,14.2,4.8,1.5,1.1,0.7,0.2,0.402,0.346,0.913,0.524390243902439,0.5499541704857929,0.141,-8.5,110.8,119.3,0.052,6-7,203.0,22.0,2048494.0,2.05
1629011,Mitchell Robinson,NYK,38,19.8,4.8,8.9,1.0,0.8,1.1,0.69,0.0,0.381,0.6774193548387097,0.6237006237006237,0.09,8.1,118.8,110.7,0.109,7-0,240.0,27.0,12954546.0,12.95
1642879,Ben Saraf,BKN,21,17.4,4.8,1.5,2.8,0.8,0.2,0.318,0.255,0.741,0.3725490196078432,0.4231311706629055,0.178,-5.9,108.1,114.0,0.041,6-6,200.0,19.0,2884560.0,2.88
1641854,Craig Porter Jr.,CLE,48,17.9,4.8,3.4,3.1,1.0,0.6,0.465,0.382,0.545,0.524390243902439,0.544464609800363,0.119,4.6,116.0,111.4,0.094,6-1,180.0,25.0,2221677.0,2.22
1641724,Jett Howard,ORL,33,10.4,4.7,1.3,0.8,0.2,0.1,0.39,0.337,0.913,0.5000000000000001,0.5331215970961888,0.179,-1.0,114.8,115.8,0.072,6-8,215.0,22.0,5529720.0,5.53
1629216,Gabe Vincent,ATL,30,19.3,4.7,0.9,1.4,0.6,0.0,0.338,0.355,0.909,0.4777777777777777,0.5025662959794697,0.111,0.0,117.9,118.0,0.025,6-2,200.0,29.0,11500000.0,11.5
1630182,Josh Green,CHA,30,16.0,4.7,2.0,1.0,0.6,0.1,0.461,0.432,0.875,0.6323529411764707,0.649171270718232,0.108,11.7,118.6,107.0,0.065,6-6,200.0,25.0,13666667.0,13.67
1631103,Malaki Branham,WAS,28,9.8,4.6,1.6,0.8,0.4,0.1,0.473,0.378,0.824,0.5303030303030303,0.6008359456635318,0.177,-8.8,102.5,111.3,0.099,6-4,180.0,22.0,4962033.0,4.96
1628366,Lonzo Ball,CLE,35,20.8,4.6,4.0,3.9,1.3,0.3,0.301,0.272,0.667,0.41,0.4369300911854102,0.13,1.3,111.0,109.7,0.077,6-5,190.0,28.0,10000000.0,10.0
1642261,Dalton Knecht,LAL,41,11.5,4.6,1.4,0.3,0.2,0.2,0.444,0.313,0.722,0.5375,0.5507662835249042,0.168,-5.4,106.9,112.3,0.062,6-6,215.0,24.0,4010160.0,4.01
1630545,Terrence Shannon Jr.,MIN,22,12.8,4.5,1.3,0.6,0.3,0.0,0.395,0.405,0.778,0.5,0.5321665089877011,0.152,-15.1,106.9,122.0,0.042,6-6,215.0,25.0,2674080.0,2.67
201599,DeAndre Jordan,NOP,2,11.7,4.5,5.0,0.0,0.0,0.0,0.8,0.0,0.5,0.8,0.7653061224489796,0.113,-62.1,68.2,130.2,0.211,6-11,265.0,37.0,2269880.0,2.27
201587,Nicolas Batum,LAC,51,19.4,4.4,2.6,0.8,0.7,0.4,0.397,0.394,0.818,0.5833333333333333,0.5965292841648591,0.096,-0.9,113.3,114.2,0.052,6-7,230.0,37.0,5601600.0,5.6
201144,Mike Conley,MIN,44,18.5,4.4,1.8,2.9,0.6,0.3,0.322,0.321,0.891,0.45,0.4954954954954955,0.112,0.5,112.3,111.8,0.06,6-1,175.0,38.0,10774038.0,10.77
1641726,Dereck Lively II,DAL,7,16.5,4.3,5.3,1.9,0.6,1.6,0.611,0.0,0.8,0.6153846153846154,0.6685323383084576,0.113,6.3,108.6,102.3,0.094,7-1,230.0,21.0,5253360.0,5.25
1642877,Micah Peavy,NOP,46,15.1,4.3,2.0,1.0,0.7,0.1,0.382,0.239,0.733,0.4270833333333333,0.4359286293592863,0.141,-5.6,109.2,114.8,0.045,6-7,215.0,24.0,1272970.0,1.27
1641722,Jordan Hawkins,NOP,36,13.8,4.3,1.7,0.8,0.2,0.2,0.326,0.313,0.778,0.4166666666666667,0.4282868525896414,0.166,-10.0,106.3,116.3,0.042,6-5,190.0,23.0,4741320.0,4.74
1630534,Ochai Agbaji,BKN,42,15.5,4.3,2.3,0.7,0.4,0.3,0.424,0.185,0.862,0.4624999999999999,0.4990714948932219,0.13,1.5,109.4,108.0,0.043,6-5,215.0,25.0,6383525.0,6.38
1631218,Trayce Jackson-Davis,TOR,37,11.5,4.3,3.3,0.9,0.4,0.5,0.585,1.0,0.565,0.5862068965517241,0.5893640350877193,0.139,-6.1,106.1,112.2,0.102,6-9,245.0,25.0,2221677.0,2.22
1630192,Zeke Nnaji,DEN,39,12.8,4.2,2.8,0.5,0.3,0.5,0.488,0.275,0.825,0.5156249999999999,0.576923076923077,0.141,-7.7,107.5,115.2,0.077,6-10,240.0,25.0,8177778.0,8.18
1641737,Adem Bona,PHI,44,16.2,4.1,3.9,0.2,0.3,1.3,0.583,0.4,0.667,0.5769230769230769,0.62046004842615,0.102,0.2,112.0,111.9,0.06,6-10,235.0,22.0,1955377.0,1.96
1642862,Liam McNeeley,CHA,28,12.2,4.1,2.1,0.8,0.2,0.1,0.386,0.379,0.806,0.5161290322580645,0.5719866071428571,0.139,3.2,113.3,110.2,0.066,6-7,210.0,20.0,2763960.0,2.76
1631110,Jeremy Sochan,SAS,28,12.8,4.1,2.6,1.0,0.4,0.2,0.475,0.257,0.688,0.5285714285714286,0.5446333687566418,0.142,-10.7,105.1,115.8,0.063,6-8,230.0,22.0,7096231.0,7.1
1629634,Brandon Clarke,MEM,2,10.2,4.0,3.0,0.5,1.0,0.0,0.333,0.0,0.5,0.3333333333333333,0.3717472118959108,0.193,-22.2,87.8,110.0,0.023,6-8,215.0,29.0,12500000.0,12.5
1642864,Hugo González,BOS,48,15.3,3.9,3.4,0.6,0.6,0.3,0.463,0.329,0.476,0.5441176470588236,0.5453020134228188,0.112,16.8,120.9,104.0,0.06,6-6,200.0,20.0,2783880.0,2.78
1630208,Nick Richards,CHI,30,9.9,3.9,3.5,0.3,0.2,0.6,0.512,0.5,0.692,0.5172413793103449,0.5616359447004609,0.175,-9.6,107.2,116.8,0.078,6-11,245.0,28.0,5000000.0,5.0
1630811,Keaton Wallace,ATL,40,11.1,3.9,1.2,2.0,0.5,0.1,0.419,0.405,0.545,0.5441176470588235,0.5520951302378255,0.154,-6.2,102.8,109.0,0.084,6-3,185.0,26.0,2296274.0,2.3
1641747,DaRon Holmes II,DEN,15,11.7,3.9,1.6,1.0,0.0,0.3,0.442,0.412,0.75,0.603448275862069,0.625,0.138,-7.3,109.0,116.4,0.069,6-9,225.0,23.0,3218760.0,3.22
1630639,A.J. Lawson,TOR,13,8.4,3.8,1.8,0.2,0.3,0.2,0.39,0.364,1.0,0.46875,0.5416191562143672,0.186,-14.4,101.8,116.1,0.079,6-6,179.0,25.0,2270735.0,2.27
1641740,Jaylen Clark,MIN,52,13.5,3.8,1.9,0.6,0.7,0.2,0.425,0.286,0.627,0.4999999999999999,0.5157437567861021,0.118,6.5,113.6,107.0,0.048,6-5,205.0,24.0,2191897.0,2.19
1642949,Yanic Konan Niederhäuser,LAC,33,9.0,3.8,2.3,0.3,0.1,0.5,0.686,0.0,0.674,0.7142857142857143,0.7110778443113772,0.158,1.4,114.1,112.7,0.091,6-11,242.0,22.0,2743800.0,2.74
1631248,Baylor Scheierman,BOS,48,14.2,3.7,2.8,1.0,0.6,0.1,0.443,0.394,0.857,0.603448275862069,0.6101583113456465,0.103,10.2,116.2,106.0,0.077,6-6,205.0,25.0,2619000.0,2.62
1642265,Rob Dillingham,CHI,37,10.0,3.7,1.4,1.7,0.6,0.1,0.342,0.351,0.773,0.3953488372093023,0.4053461875547765,0.224,-5.6,102.6,108.2,0.059,6-2,175.0,21.0,6576120.0,6.58
203991,Clint Capela,HOU,46,11.7,3.7,4.5,0.6,0.5,0.7,0.528,0.0,0.556,0.5161290322580645,0.5359212050984936,0.133,3.6,110.1,106.5,0.119,6-10,256.0,31.0,6700000.0,6.7
1631172,Ousmane Dieng,MIL,28,10.7,3.6,1.5,1.0,0.1,0.3,0.415,0.353,1.0,0.5,0.5160550458715596,0.154,5.8,109.6,103.8,0.072,6-9,185.0,22.0,6670882.0,6.67
1626204,Larry Nance Jr.,CLE,24,13.2,3.6,2.6,1.0,0.6,0.2,0.378,0.319,0.6,0.4473684210526316,0.4629629629629629,0.133,-2.5,109.5,112.1,0.049,6-6,245.0,33.0,2296274.0,2.3
1631207,Dalen Terry,PHI,34,11.1,3.5,1.9,1.3,0.6,0.3,0.441,0.413,0.529,0.5333333333333333,0.5434782608695652,0.136,-3.3,105.4,108.8,0.078,6-6,210.0,23.0,5399118.0,5.4
1642353,Cam Christie,LAC,38,10.0,3.4,1.6,0.6,0.3,0.1,0.398,0.286,0.762,0.4464285714285714,0.5176613885505481,0.168,2.6,109.1,106.5,0.075,6-5,190.0,20.0,1955377.0,1.96
1628997,Caleb Martin,DAL,46,14.0,3.4,2.5,1.6,0.7,0.2,0.445,0.368,0.629,0.4833333333333333,0.5071599045346062,0.114,-4.3,105.7,110.0,0.065,6-5,205.0,30.0,9594044.0,9.59
1642404,Chaz Lanier,DET,19,8.8,3.3,1.0,0.7,0.3,0.0,0.382,0.341,1.0,0.5172413793103449,0.5441952506596306,0.141,5.9,112.2,106.4,0.076,6-3,206.0,24.0,1372870.0,1.37
203482,Kelly Olynyk,SAS,29,9.4,3.3,1.9,1.2,0.4,0.0,0.466,0.237,0.667,0.5399999999999999,0.5612244897959183,0.155,-1.4,109.1,110.6,0.083,7-0,240.0,34.0,13445122.0,13.45
1630164,James Wiseman,IND,4,14.6,3.3,2.0,0.8,0.0,0.3,0.6,0.0,0.5,0.6,0.6066176470588235,0.114,-9.5,92.9,102.4,0.01,6-11,240.0,24.0,2667947.0,2.67
1627824,Guerschon Yabusele,CHI,44,10.2,3.2,2.3,0.5,0.2,0.2,0.396,0.322,0.667,0.5,0.5108556832694764,0.145,-2.5,111.4,113.9,0.061,6-7,265.0,30.0,5500000.0,5.5
1630579,Jericho Sims,MIL,37,15.1,3.2,4.1,0.8,0.2,0.2,0.806,0.0,0.556,0.8333333333333333,0.7920792079207921,0.082,-12.6,105.2,117.8,0.076,6-10,250.0,27.0,2461463.0,2.46
1642419,Jamison Battle,TOR,38,8.6,3.2,1.4,0.4,0.1,0.1,0.505,0.415,0.667,0.625,0.6430868167202572,0.138,11.2,114.0,102.8,0.077,6-7,220.0,24.0,1955377.0,1.96
1642866,Joan Beringer,MIN,26,6.8,3.1,2.0,0.3,0.1,0.4,0.673,0.0,0.545,0.6666666666666666,0.6810193321616871,0.145,10.6,114.9,104.4,0.099,6-11,230.0,19.0,4201080.0,4.2
1631166,Drew Timme,LAL,16,8.0,3.1,1.3,0.9,0.3,0.0,0.553,0.357,0.667,0.6041666666666666,0.6229903536977492,0.149,4.8,111.9,107.1,0.1,6-9,235.0,25.0,1955377.0,1.96
1629723,John Konchar,UTA,32,14.6,3.1,3.1,1.4,1.0,0.4,0.506,0.31,0.615,0.5833333333333334,0.6017080745341615,0.083,-0.4,103.8,104.1,0.096,6-5,210.0,29.0,6165000.0,6.16
1642352,Keshad Johnson,MIA,21,7.6,3.1,1.9,0.1,0.2,0.2,0.404,0.304,0.765,0.4629629629629629,0.5078636959370905,0.168,8.1,112.6,104.5,0.062,6-6,225.0,24.0,1955377.0,1.96
1641723,Kobe Bufkin,LAL,4,11.3,3.0,1.3,0.5,0.3,0.8,0.364,0.286,1.0,0.4464285714285714,0.4966887417218543,0.124,-10.7,105.2,116.0,0.051,6-4,195.0,22.0,4503720.0,4.5
203926,Doug McDermott,SAC,10,9.2,3.0,0.8,0.3,0.0,0.1,0.345,0.345,0.0,0.5172413793103449,0.5172413793103449,0.148,-15.9,99.0,114.9,0.027,6-7,225.0,34.0,2296274.0,2.3
1642868,Carter Bryant,SAS,41,8.8,3.0,1.9,0.2,0.2,0.2,0.357,0.313,0.786,0.4354838709677419,0.4641089108910891,0.163,-3.1,105.9,109.0,0.054,6-6,220.0,20.0,4900320.0,4.9
1641810,Antonio Reeves,CHA,7,7.9,3.0,0.7,0.3,0.1,0.0,0.5,0.5,0.0,0.6304347826086958,0.6521739130434783,0.124,21.3,122.2,100.9,0.082,6-5,205.0,25.0,1955377.0,1.96
1626145,Tyus Jones,DAL,50,15.7,3.0,1.1,2.5,0.7,0.1,0.343,0.28,1.0,0.4242424242424243,0.4485645933014354,0.097,-6.2,107.7,113.9,0.065,6-0,196.0,29.0,7000000.0,7.0
1641712,Rayan Rupert,POR,46,12.0,2.9,1.8,0.7,0.6,0.0,0.364,0.319,0.643,0.45,0.4629629629629629,0.126,-9.8,101.9,111.6,0.042,6-7,205.0,21.0,2221677.0,2.22
203939,Dwight Powell,DAL,39,13.8,2.9,3.6,1.0,0.5,0.3,0.621,0.0,0.645,0.6,0.6578947368421052,0.077,8.4,114.8,106.3,0.066,6-10,240.0,34.0,4000000.0,4.0
101108,Chris Paul,TOR,16,14.2,2.9,1.8,3.3,0.7,0.0,0.321,0.333,0.5,0.4,0.4091422121896162,0.135,-17.3,99.4,116.6,0.064,6-0,175.0,40.0,2296274.0,2.3
1641871,Duop Reath,POR,32,8.1,2.9,1.2,0.3,0.2,0.3,0.446,0.418,0.833,0.5869565217391305,0.6072026800670017,0.13,-6.4,103.0,109.4,0.067,6-9,245.0,29.0,2221677.0,2.22
1627827,Dorian Finney-Smith,HOU,20,15.8,2.9,2.4,0.8,0.4,0.2,0.299,0.245,1.0,0.3970588235294118,0.4105322763306908,0.103,1.4,107.1,105.7,0.025,6-7,220.0,32.0,12700000.0,12.7
1626192,Pat Connaughton,CHA,22,7.1,2.9,1.4,0.6,0.2,0.0,0.489,0.407,0.615,0.625,0.6404593639575971,0.144,0.3,104.4,104.1,0.129,6-5,209.0,33.0,9423869.0,9.42
1641763,Julian Phillips,MIN,36,9.4,2.8,1.2,0.2,0.5,0.2,0.427,0.327,0.818,0.52,0.5319148936170213,0.12,-0.8,106.4,107.2,0.047,6-6,201.0,22.0,2221677.0,2.22
1628371,Jonathan Isaac,ORL,44,10.0,2.8,2.5,0.4,0.4,0.6,0.436,0.194,0.64,0.4761904761904761,0.5417956656346749,0.122,-0.2,105.7,105.9,0.083,6-10,230.0,28.0,15000000.0,15.0
1626172,Kevon Looney,NOP,17,13.9,2.7,5.1,1.5,0.4,0.5,0.426,0.111,0.625,0.4464285714285714,0.4470198675496689,0.1,-13.6,101.8,115.4,0.086,6-9,222.0,30.0,8000000.0,8.0
1642880,Kam Jones,IND,17,10.8,2.6,1.0,1.2,0.2,0.0,0.413,0.211,0.5,0.4444444444444445,0.4662840746054519,0.12,-7.4,105.0,112.4,0.049,6-4,200.0,23.0,1272870.0,1.27
1630256,Jae'Sean Tate,HOU,31,8.2,2.6,1.5,0.5,0.2,0.1,0.5,0.318,0.571,0.5217391304347827,0.5443886097152429,0.13,-10.5,104.4,114.9,0.061,6-4,230.0,30.0,2296274.0,2.3
1642358,AJ Johnson,DAL,27,8.2,2.6,1.1,0.9,0.3,0.0,0.31,0.259,0.75,0.3593749999999999,0.3850710900473933,0.198,-3.0,102.7,105.8,0.036,6-5,160.0,21.0,3090480.0,3.09
1629599,Amir Coffey,PHX,31,9.0,2.5,0.9,0.4,0.1,0.1,0.483,0.296,0.824,0.5526315789473685,0.5896226415094339,0.106,-7.7,102.6,110.3,0.058,6-7,210.0,28.0,2296274.0,2.3
203914,Gary Harris,MIL,37,14.8,2.5,1.4,1.1,0.6,0.2,0.452,0.435,0.889,0.575,0.5986590038314176,0.072,-6.9,107.9,114.8,0.046,6-4,210.0,31.0,3634153.0,3.63
1642885,Mohamed Diawara,NYK,44,6.8,2.5,1.1,0.5,0.2,0.1,0.452,0.4,0.5,0.5952380952380952,0.5830223880597014,0.152,-1.7,108.2,109.8,0.071,6-9,225.0,20.0,1272870.0,1.27
1642853,Rasheer Fleming,PHX,29,6.5,2.4,1.3,0.2,0.2,0.2,0.347,0.22,0.727,0.4038461538461538,0.4322766570605186,0.178,-8.9,100.0,108.9,0.044,6-9,240.0,21.0,1272870.0,1.27
1630264,Anthony Gill,WAS,27,7.6,2.3,1.6,0.3,0.4,0.2,0.558,0.333,0.833,0.59375,0.6475225225225225,0.114,3.2,107.4,104.2,0.076,6-7,230.0,33.0,2546675.0,2.55
1631216,Caleb Houstan,ATL,10,4.9,2.3,0.5,0.2,0.1,0.1,0.467,0.5,1.0,0.6666666666666666,0.704656862745098,0.169,-5.6,96.3,101.9,0.062,6-8,205.0,23.0,2187451.0,2.19
201145,Jeff Green,HOU,18,4.5,2.3,0.6,0.2,0.1,0.1,0.469,0.435,1.0,0.6111111111111112,0.623644251626898,0.176,-23.8,100.0,123.8,0.102,6-8,235.0,39.0,2296274.0,2.3
1628449,Chris Boucher,BOS,9,10.5,2.3,2.0,0.3,0.6,0.8,0.32,0.133,0.75,0.3571428571428571,0.3864247311827957,0.128,4.4,114.3,109.9,0.04,6-8,200.0,33.0,2296274.0,2.3
1631159,Leonard Miller,CHI,20,4.9,2.2,1.3,0.3,0.3,0.0,0.545,0.083,0.636,0.5588235294117647,0.560081466395112,0.184,-9.4,102.6,112.1,0.082,6-10,220.0,22.0,2221677.0,2.22
1642905,Yang Hansen,POR,32,7.7,2.2,1.7,0.7,0.1,0.3,0.293,0.135,0.944,0.3461538461538461,0.3840782122905028,0.191,-11.6,97.4,109.1,0.017,7-1,270.0,20.0,4422360.0,4.42
1641816,Hunter Tyson,DEN,21,7.7,2.2,1.7,0.8,0.1,0.0,0.269,0.212,0.846,0.3399999999999999,0.3979739507959479,0.166,-7.5,100.0,107.5,0.065,6-8,215.0,25.0,2221677.0,2.22
1631120,JD Davison,HOU,24,7.4,2.2,0.9,1.1,0.2,0.2,0.392,0.296,0.556,0.4523809523809524,0.4833040421792619,0.146,-2.9,107.2,110.1,0.071,6-1,195.0,23.0,2270735.0,2.27
1630214,Xavier Tillman,CHA,14,8.0,2.2,1.8,0.4,0.4,0.1,0.452,0.2,0.0,0.5,0.5,0.133,-10.4,111.1,121.5,0.068,6-8,245.0,27.0,2546675.0,2.55
1641752,Bobi Klintman,DET,8,7.5,2.1,2.1,0.5,0.3,0.0,0.318,0.273,0.0,0.3928571428571429,0.3528225806451613,0.178,-12.8,94.0,106.8,0.021,6-9,225.0,22.0,1955377.0,1.96
1630574,Ariel Hukporti,NYK,38,9.3,2.1,2.9,0.5,0.1,0.6,0.558,0.25,0.731,0.5714285714285715,0.6147540983606558,0.096,-2.6,105.9,108.5,0.077,7-0,246.0,23.0,1955377.0,1.96
1641732,Colby Jones,DET,1,6.8,2.0,4.0,2.0,0.0,0.0,0.333,0.0,0.0,0.3333333333333333,0.3333333333333333,0.158,80.0,133.3,53.3,0.256,6-6,207.0,23.0,2221677.0,2.22
1629162,Jordan McLaughlin,SAS,24,5.8,2.0,0.7,0.7,0.5,0.0,0.405,0.409,0.8,0.4999999999999999,0.5296610169491525,0.146,-16.0,97.4,113.4,0.085,5-11,185.0,29.0,2296274.0,2.3
1628467,Maxi Kleber,LAL,27,11.4,2.0,1.9,0.7,0.4,0.2,0.396,0.222,0.722,0.4166666666666666,0.4743833017077798,0.091,6.7,115.3,108.6,0.039,6-10,240.0,34.0,11000000.0,11.0
1630322,Lindy Waters III,SAS,28,6.8,1.9,0.8,0.4,0.1,0.0,0.352,0.319,1.0,0.5,0.5,0.124,-4.1,106.1,110.3,0.043,6-5,210.0,28.0,2296274.0,2.3
1642355,Bronny James,LAL,27,6.8,1.9,0.4,1.1,0.4,0.0,0.388,0.375,0.8,0.4722222222222222,0.5031779661016949,0.146,-2.9,108.1,110.9,0.06,6-2,210.0,21.0,1955377.0,1.96
203486,Mason Plumlee,CHA,14,8.9,1.9,2.9,1.1,0.4,0.0,0.75,0.0,0.667,0.6666666666666666,0.7330246913580246,0.084,3.5,119.4,115.9,0.097,7-0,254.0,35.0,2296274.0,2.3
200768,Kyle Lowry,PHI,7,8.9,1.7,0.6,1.1,0.3,0.1,0.3,0.3,0.75,0.4285714285714286,0.5108173076923077,0.088,8.5,110.7,102.2,0.058,6-0,196.0,39.0,2296274.0,2.3
1641748,Andre Jackson Jr.,MIL,25,6.5,1.4,0.8,1.0,0.2,0.1,0.25,0.192,0.9,0.2777777777777778,0.3542510121457489,0.148,-3.5,106.5,110.0,0.029,6-6,209.0,24.0,2221677.0,2.22
1642367,Jonathan Mogbo,TOR,23,6.0,1.3,1.6,0.4,0.2,0.2,0.5,0.0,0.4,0.5,0.5046583850931677,0.102,-7.7,100.0,107.7,0.074,6-9,225.0,24.0,1955377.0,1.96
1642403,Isaac Jones,DET,4,4.6,1.3,0.5,0.3,0.0,0.0,0.5,0.0,0.5,0.5,0.5327868852459017,0.119,-46.5,75.7,122.2,0.0,6-8,245.0,25.0,1955377.0,1.96
1628502,Nigel Hayes-Davis,PHX,27,7.2,1.3,1.2,0.3,0.3,0.1,0.326,0.125,0.5,0.3823529411764706,0.3727064220183486,0.116,-17.7,95.1,112.8,0.028,6-7,254.0,31.0,2296274.0,2.3
1642876,Adou Thiero,LAL,15,5.8,1.3,1.2,0.3,0.3,0.1,0.389,0.0,0.75,0.4166666666666667,0.4577464788732395,0.125,-4.2,113.3,117.5,0.033,6-7,220.0,21.0,1272870.0,1.27
203648,Thanasis Antetokounmpo,MIL,18,3.0,1.2,0.7,0.1,0.3,0.2,0.533,0.0,0.545,0.5,0.5639097744360901,0.172,22.2,107.0,84.7,0.097,6-7,219.0,33.0,2296274.0,2.3
1642863,Khaman Maluach,PHX,22,4.3,1.1,0.9,0.1,0.0,0.4,0.4,0.0,0.9,0.4444444444444445,0.4910714285714285,0.143,-17.3,90.7,108.1,0.029,7-1,250.0,19.0,6016080.0,6.02
203967,Dario Saric,SAC,5,8.2,1.0,1.2,0.4,0.0,0.0,0.167,0.333,1.0,0.25,0.3633720930232558,0.1,0.0,104.7,104.7,0.015,6-10,225.0,31.0,5426000.0,5.43
1641794,Dillon Jones,NYK,3,4.8,1.0,1.0,0.3,0.3,0.0,0.333,0.5,0.0,0.4499999999999999,0.5,0.081,-18.8,96.9,115.6,0.065,6-5,235.0,24.0,2753280.0,2.75
1641780,Johni Broome,PHI,10,4.8,1.0,1.5,0.4,0.2,0.1,0.182,0.0,0.333,0.1818181818181818,0.2029220779220779,0.237,-12.6,89.3,101.9,-0.017,6-10,235.0,23.0,1272870.0,1.27
1642368,N'Faly Dante,ATL,4,3.9,0.8,1.8,0.0,0.5,0.0,0.25,0.0,1.0,0.3,0.3533568904593639,0.119,22.4,109.1,86.7,0.116,6-11,230.0,24.0,2048494.0,2.05
202687,Bismack Biyombo,SAS,13,5.3,0.7,0.6,0.2,0.2,0.1,0.667,0.0,0.5,0.6,0.5952380952380952,0.062,-27.6,102.1,129.7,0.017,6-8,255.0,33.0,2296274.0,2.3
1642359,Pacôme Dadiet,NYK,20,3.4,0.7,0.7,0.5,0.2,0.0,0.231,0.125,1.0,0.3571428571428571,0.4206730769230769,0.092,-3.4,95.9,99.3,0.1,6-9,210.0,20.0,2847600.0,2.85
204060,Joe Ingles,MIN,18,4.0,0.6,0.3,0.8,0.4,0.0,0.375,0.333,1.0,0.625,0.6756756756756757,0.076,-16.0,98.3,114.3,0.065,6-8,220.0,38.0,2296274.0,2.3
202066,Garrett Temple,TOR,13,2.7,0.3,0.3,0.3,0.2,0.1,0.143,0.2,0.5,0.3,0.2551020408163265,0.141,-29.6,78.4,108.0,0.021,6-5,195.0,39.0,2296274.0,2.3
1642855,Noa Essengue,CHI,2,3.0,0.0,0.0,0.0,0.5,0.0,0.0,0.0,0.0,0.0,0.0,0.188,-111.4,60.0,171.4,-0.095,6-8,194.0,19.0,5429520.0,5.43
