PLAYER_ID,PLAYER_NAME,TEAM_ABBREVIATION,GP,MIN,PTS,REB,AST,STL,BLK,FG_PCT,FG3_PCT,FT_PCT,EFG_PCT,TS_PCT,USG_PCT,NET_RATING,OFF_RATING,DEF_RATING,PIE,PLAYER_HEIGHT,PLAYER_WEIGHT,AGE
1628983,Shai Gilgeous-Alexander,OKC,76,34.2,32.7,5.0,6.4,1.7,1.0,0.519,0.375,0.898,0.56651376146789,0.6368806481770022,0.336,16.7,122.4,105.7,0.199,6-6,195,26.0
203507,Giannis Antetokounmpo,MIL,67,34.2,30.4,11.9,6.5,0.9,1.2,0.601,0.222,0.617,0.6040609137055838,0.6238712855032015,0.346,7.2,118.9,111.7,0.21,6-11,243,30.0
203999,Nikola Jokić,DEN,70,36.7,29.6,12.7,10.2,1.8,0.6,0.576,0.417,0.8,0.6256410256410256,0.6632012905538628,0.285,10.5,125.6,115.1,0.206,6-11,284,30.0
1629029,Luka Dončić,LAL,50,35.4,28.2,8.2,7.7,1.8,0.4,0.45,0.368,0.782,0.5341463414634146,0.5880880880880881,0.328,9.1,119.6,110.5,0.17,6-6,230,26.0
1630162,Anthony Edwards,MIN,79,36.3,27.6,5.7,4.5,1.2,0.6,0.447,0.395,0.837,0.5465686274509803,0.5955463490419473,0.307,4.8,116.2,111.4,0.14,6-4,225,23.0
1628369,Jayson Tatum,BOS,72,36.4,26.8,8.7,6.0,1.1,0.5,0.452,0.343,0.814,0.5394088669950738,0.5830142707970762,0.301,9.8,119.6,109.8,0.158,6-8,210,27.0
201142,Kevin Durant,PHX,62,36.5,26.6,6.0,4.2,0.8,1.2,0.527,0.43,0.839,0.5966850828729282,0.6440054232035638,0.283,-1.0,116.5,117.4,0.142,6-11,240,36.0
1630178,Tyrese Maxey,PHI,52,37.7,26.3,3.3,6.1,1.8,0.4,0.437,0.337,0.879,0.5119047619047619,0.5604330037504263,0.293,-3.5,113.8,117.4,0.127,6-2,200,24.0
1630595,Cade Cunningham,DET,70,35.0,26.1,6.1,9.1,1.0,0.8,0.469,0.356,0.846,0.5216346153846154,0.5641535535189348,0.323,2.8,115.0,112.2,0.152,6-6,220,23.0
1628973,Jalen Brunson,NYK,65,35.4,26.0,2.9,7.3,0.9,0.1,0.488,0.383,0.821,0.5486486486486487,0.6036404160475483,0.289,2.6,118.3,115.7,0.138,6-2,190,28.0
1631094,Paolo Banchero,ORL,46,34.4,25.9,7.5,4.8,0.8,0.6,0.452,0.32,0.727,0.5025252525252525,0.551157643854273,0.33,-0.6,109.1,109.6,0.157,6-10,250,22.0
1626164,Devin Booker,PHX,75,37.3,25.6,4.1,7.1,0.9,0.2,0.461,0.332,0.894,0.5238095238095237,0.5894271504881194,0.285,-3.2,115.3,118.5,0.122,6-6,206,28.0
1630163,LaMelo Ball,CHA,47,32.0,25.2,4.9,7.4,1.1,0.3,0.405,0.339,0.843,0.49295774647887325,0.5371759890859481,0.342,-3.9,112.7,116.5,0.127,6-7,180,23.0
203081,Damian Lillard,MIL,58,36.1,24.9,4.7,7.1,1.2,0.2,0.448,0.376,0.921,0.5497076023391813,0.6196496117857853,0.269,0.7,115.3,114.6,0.144,6-2,195,34.0
202681,Kyrie Irving,DAL,50,36.1,24.7,4.8,4.6,1.3,0.5,0.473,0.401,0.916,0.5476190476190477,0.5939784532512505,0.264,2.6,116.5,113.9,0.129,6-2,195,33.0
203076,Anthony Davis,DAL,51,33.4,24.7,11.6,3.5,1.2,2.2,0.516,0.282,0.775,0.5365168539325842,0.5889927508584509,0.301,0.5,113.3,112.9,0.179,6-10,253,32.0
1629627,Zion Williamson,NOP,30,28.6,24.6,7.2,5.3,1.2,0.9,0.567,0.231,0.656,0.5710059171597633,0.6023506366307543,0.325,-1.8,113.7,115.5,0.167,6-6,284,24.0
201939,Stephen Curry,GSW,70,32.2,24.5,4.4,6.0,1.1,0.4,0.448,0.397,0.933,0.5722222222222223,0.6158254574703399,0.286,5.7,118.4,112.7,0.145,6-2,185,37.0
1626157,Karl-Anthony Towns,NYK,72,35.0,24.4,12.8,3.1,1.0,0.7,0.526,0.42,0.829,0.5857988165680474,0.6286067600989284,0.265,6.8,119.4,112.7,0.161,7-0,248,29.0
2544,LeBron James,LAL,70,34.9,24.4,7.8,8.2,1.0,0.6,0.513,0.376,0.782,0.5718232044198895,0.6049186830622768,0.291,-1.3,112.7,114.0,0.169,6-9,250,40.0
1641705,Victor Wembanyama,SAS,46,33.2,24.3,11.0,3.7,1.1,3.8,0.476,0.352,0.836,0.5618279569892474,0.5954714761811409,0.3,2.6,112.5,110.0,0.168,7-3,235,21.0
1629027,Trae Young,ATL,76,36.0,24.2,3.1,11.6,1.2,0.2,0.411,0.34,0.875,0.48895027624309384,0.5665855029031653,0.285,0.6,115.2,114.6,0.129,6-1,164,26.0
1630532,Franz Wagner,ORL,60,33.7,24.2,5.7,4.7,1.3,0.4,0.463,0.295,0.871,0.5077319587628866,0.5579122095167834,0.306,6.0,111.8,105.8,0.153,6-10,220,23.0
1630560,Cam Thomas,BKN,25,31.2,24.0,3.3,3.8,0.6,0.1,0.438,0.349,0.881,0.5137362637362637,0.5758157389635317,0.328,-5.7,114.9,120.6,0.122,6-3,210,23.0
1628378,Donovan Mitchell,CLE,71,31.4,24.0,4.5,5.0,1.3,0.2,0.443,0.368,0.823,0.5295698924731183,0.5757052389176741,0.298,10.5,119.7,109.1,0.137,6-3,215,28.0
1629639,Tyler Herro,MIA,77,35.4,23.9,5.2,5.5,0.9,0.2,0.472,0.375,0.878,0.5670391061452514,0.605124569576666,0.271,1.3,113.9,112.6,0.139,6-5,195,25.0
203954,Joel Embiid,PHI,19,30.2,23.8,8.2,4.5,0.7,0.9,0.444,0.299,0.882,0.48192771084337344,0.5800350945603431,0.342,-5.5,104.0,109.5,0.169,7-0,280,31.0
1628368,De'Aaron Fox,SAS,62,36.1,23.5,4.8,6.3,1.5,0.4,0.463,0.31,0.827,0.5132978723404255,0.5583539251092948,0.274,-1.2,113.7,114.9,0.119,6-3,185,27.0
203897,Zach LaVine,SAC,74,35.2,23.3,4.3,4.2,0.8,0.2,0.511,0.446,0.825,0.6060606060606061,0.6395476504172156,0.251,-1.4,115.4,116.8,0.115,6-5,200,30.0
1629630,Ja Morant,MEM,50,30.4,23.2,4.1,7.3,1.2,0.2,0.454,0.309,0.824,0.5056179775280899,0.5626697710516104,0.312,6.8,116.4,109.6,0.141,6-2,174,25.0
201935,James Harden,LAC,79,35.3,22.8,5.8,8.7,1.5,0.7,0.41,0.352,0.874,0.5,0.5812767693249032,0.286,6.2,115.4,109.2,0.145,6-5,220,35.0
1627742,Brandon Ingram,TOR,18,33.1,22.2,5.6,5.2,0.9,0.6,0.465,0.374,0.855,0.5297297297297296,0.5587998389045509,0.305,-10.7,107.0,117.7,0.122,6-8,190,27.0
1627759,Jaylen Brown,BOS,63,34.3,22.2,5.8,4.5,1.2,0.3,0.463,0.324,0.764,0.5141242937853108,0.5565583634175693,0.282,9.5,121.1,111.7,0.114,6-6,223,28.0
1628991,Jaren Jackson Jr.,MEM,74,29.8,22.2,5.6,2.0,1.2,1.5,0.488,0.375,0.781,0.5487804878048781,0.5911802300809544,0.274,6.4,115.2,108.8,0.124,6-10,242,25.0
201942,DeMar DeRozan,SAC,77,35.9,22.2,3.9,4.4,0.8,0.4,0.477,0.328,0.857,0.5088235294117647,0.5689973344269018,0.244,1.5,116.8,115.3,0.112,6-6,220,35.0
1626181,Norman Powell,LAC,60,32.6,21.8,3.2,2.1,1.2,0.2,0.484,0.418,0.804,0.5759493670886076,0.6145692377086153,0.255,8.8,116.2,107.4,0.11,6-4,215,32.0
1631114,Jalen Williams,OKC,69,32.4,21.6,5.3,5.1,1.6,0.7,0.484,0.365,0.789,0.5384615384615384,0.574712643678161,0.27,10.2,116.7,106.5,0.138,6-5,211,24.0
202695,Kawhi Leonard,LAC,37,31.9,21.5,5.9,3.1,1.6,0.5,0.498,0.411,0.81,0.5625,0.588976550515012,0.28,12.4,120.3,107.9,0.134,6-7,225,34.0
1627750,Jamal Murray,DEN,67,36.1,21.4,3.9,6.0,1.4,0.5,0.474,0.393,0.886,0.5419161676646708,0.5838061981667394,0.235,6.5,122.0,115.5,0.111,6-4,215,28.0
1630530,Trey Murphy III,NOP,53,35.0,21.2,5.1,3.5,1.1,0.7,0.454,0.361,0.887,0.550632911392405,0.5991408546235586,0.229,-9.7,109.0,118.7,0.11,6-8,206,25.0
1629628,RJ Barrett,TOR,58,32.2,21.1,6.3,5.4,0.8,0.3,0.468,0.35,0.63,0.5207100591715977,0.5473127204814278,0.281,-3.4,110.1,113.4,0.121,6-6,214,25.0
203468,CJ McCollum,NOP,56,32.7,21.1,3.8,4.1,0.8,0.4,0.444,0.373,0.717,0.5279329608938549,0.5476536544850499,0.266,-7.1,112.3,119.4,0.097,6-3,190,33.0
1630224,Jalen Green,HOU,82,32.9,21.0,4.6,3.4,0.9,0.3,0.423,0.354,0.813,0.5057142857142857,0.5439287194363863,0.267,2.8,113.8,111.1,0.111,6-4,186,23.0
1641706,Brandon Miller,CHA,27,34.2,21.0,4.9,3.6,1.1,0.7,0.403,0.355,0.861,0.5082417582417582,0.5391250770178682,0.27,-6.8,106.9,113.8,0.1,6-7,200,22.0
1629636,Darius Garland,CLE,75,30.7,20.6,2.9,6.7,1.2,0.1,0.472,0.401,0.878,0.5605095541401275,0.5989765061642244,0.265,9.9,123.2,113.4,0.126,6-1,192,25.0
1629673,Jordan Poole,WAS,68,29.4,20.5,3.0,4.5,1.3,0.4,0.432,0.378,0.883,0.5451612903225806,0.5938586326767091,0.281,-13.1,104.8,117.9,0.107,6-4,194,26.0
1629632,Coby White,CHI,74,33.1,20.4,3.7,4.5,0.9,0.2,0.453,0.37,0.902,0.5529801324503311,0.6034074775201136,0.237,-2.5,111.5,113.9,0.103,6-5,195,25.0
1628970,Miles Bridges,CHA,64,31.7,20.3,7.5,3.9,0.7,0.7,0.431,0.313,0.87,0.49411764705882355,0.5410447761194029,0.273,-5.5,108.2,113.6,0.135,6-7,225,27.0
1630559,Austin Reaves,LAL,73,34.9,20.2,4.5,5.8,1.1,0.3,0.46,0.377,0.877,0.5528169014084507,0.6158536585365854,0.23,3.8,117.1,113.3,0.118,6-5,197,27.0
1627783,Pascal Siakam,IND,78,32.7,20.2,6.9,3.4,0.9,0.5,0.519,0.389,0.734,0.5723684210526316,0.5970678647434381,0.237,5.5,114.5,108.9,0.13,6-8,245,31.0
204001,Kristaps Porziņģis,BOS,42,28.8,19.5,6.8,2.1,0.7,1.5,0.483,0.412,0.809,0.572992700729927,0.6183409436834095,0.253,5.8,116.2,110.3,0.132,7-2,240,29.0
1629014,Anfernee Simons,POR,70,32.7,19.3,2.7,4.8,0.9,0.1,0.426,0.363,0.902,0.5186335403726707,0.5567735979690746,0.241,-4.6,108.8,113.4,0.106,6-3,200,26.0
1630567,Scottie Barnes,TOR,65,32.8,19.3,7.7,5.8,1.4,1.0,0.446,0.271,0.755,0.4817073170731707,0.5237733391228833,0.262,-2.7,107.4,110.1,0.139,6-7,237,23.0
1630217,Desmond Bane,ORL,69,32.0,19.2,6.1,5.3,1.2,0.4,0.484,0.392,0.894,0.5608108108108107,0.5971634735008708,0.227,2.8,116.1,113.3,0.131,6-5,215,27.0
1630578,Alperen Sengun,HOU,76,31.5,19.1,10.3,4.9,1.1,0.8,0.496,0.233,0.692,0.51,0.5468392120934494,0.259,7.6,114.9,107.4,0.153,6-11,243,22.0
1627734,Domantas Sabonis,SAC,70,34.7,19.1,13.9,6.0,0.7,0.4,0.59,0.417,0.754,0.62109375,0.6539304300191728,0.213,2.6,116.5,113.9,0.164,6-10,240,29.0
1628374,Lauri Markkanen,UTA,47,31.4,19.0,5.9,1.5,0.7,0.4,0.423,0.346,0.876,0.5201342281879194,0.571738083774675,0.231,-6.1,111.4,117.5,0.103,7-0,240,28.0
1628381,John Collins,UTA,40,30.5,19.0,8.2,2.0,1.0,1.0,0.527,0.399,0.848,0.5827067669172932,0.6289724576271186,0.234,-0.9,112.4,113.3,0.129,6-9,226,27.0
1630552,Jalen Johnson,ATL,36,35.7,18.9,10.0,5.0,1.6,1.0,0.5,0.312,0.746,0.5364238410596026,0.5679086538461537,0.214,1.6,111.8,110.2,0.135,6-8,219,23.0
1629661,Cameron Johnson,BKN,57,31.6,18.8,4.3,3.4,0.9,0.4,0.475,0.39,0.893,0.5801526717557252,0.6344492440604752,0.224,-5.8,110.9,116.7,0.124,6-8,210,29.0
203944,Julius Randle,MIN,69,32.3,18.7,7.1,4.7,0.7,0.2,0.485,0.344,0.806,0.5441176470588235,0.5934247270880934,0.246,3.4,115.0,111.6,0.124,6-9,250,30.0
1630169,Tyrese Haliburton,IND,73,33.6,18.6,3.5,9.2,1.4,0.7,0.473,0.388,0.851,0.5797101449275363,0.6150793650793651,0.21,3.5,117.7,114.2,0.143,6-5,185,25.0
1631101,Shaedon Sharpe,POR,72,31.3,18.5,4.5,2.8,0.9,0.2,0.452,0.311,0.785,0.5163398692810458,0.5507263634198619,0.25,-3.0,111.4,114.4,0.102,6-5,208,22.0
202696,Nikola Vučević,CHI,73,31.2,18.5,10.1,3.5,0.8,0.7,0.53,0.402,0.805,0.591549295774648,0.613395225464191,0.221,-2.4,113.6,116.0,0.136,6-10,260,34.0
1630596,Evan Mobley,CLE,71,30.5,18.5,9.3,3.2,0.9,1.6,0.557,0.37,0.725,0.6015624999999999,0.6295943370541791,0.226,11.9,120.5,108.6,0.151,6-11,215,24.0
1629012,Collin Sexton,UTA,63,27.9,18.4,2.7,4.2,0.7,0.1,0.48,0.406,0.865,0.5398550724637681,0.5912596401028277,0.264,-7.5,110.4,117.9,0.106,6-3,190,26.0
1629008,Michael Porter Jr.,DEN,77,33.7,18.2,7.0,2.1,0.6,0.5,0.504,0.395,0.768,0.599264705882353,0.6190476190476191,0.197,4.4,119.8,115.4,0.101,6-10,218,27.0
1628389,Bam Adebayo,MIA,78,34.3,18.1,9.6,4.3,1.3,0.7,0.485,0.357,0.765,0.5174825174825175,0.5604409214763438,0.232,0.1,110.9,110.8,0.137,6-9,255,27.0
203952,Andrew Wiggins,MIA,60,30.7,18.0,4.5,2.6,1.0,0.8,0.448,0.374,0.763,0.5285714285714286,0.5663226780770199,0.238,-2.3,109.4,111.7,0.105,6-7,197,30.0
1628384,OG Anunoby,NYK,74,36.6,18.0,4.8,2.2,1.5,0.9,0.476,0.372,0.81,0.5575539568345323,0.5896226415094339,0.195,5.4,117.7,112.3,0.093,6-7,240,27.0
1628969,Mikal Bridges,NYK,82,37.0,17.6,3.2,3.7,0.9,0.5,0.5,0.354,0.814,0.5694444444444444,0.5860415556739479,0.192,5.6,118.4,112.9,0.09,6-6,209,28.0
1631093,Jaden Ivey,DET,30,29.9,17.6,4.1,4.0,0.9,0.4,0.46,0.409,0.733,0.5326086956521738,0.5671564836298015,0.256,-4.1,110.5,114.6,0.099,6-4,195,23.0
202710,Jimmy Butler III,GSW,55,31.7,17.5,5.4,5.4,1.4,0.3,0.504,0.308,0.842,0.5321100917431192,0.6239304050199658,0.203,6.3,115.9,109.6,0.145,6-7,230,35.0
1627749,Dejounte Murray,NOP,31,32.6,17.5,6.5,7.4,2.0,0.4,0.393,0.299,0.823,0.4496855345911949,0.49546998867497166,0.263,-9.1,109.0,118.1,0.118,6-4,180,28.0
1628370,Malik Monk,SAC,65,31.6,17.2,3.8,5.6,0.9,0.6,0.439,0.325,0.865,0.5104166666666666,0.5517064408519373,0.236,2.5,117.0,114.5,0.099,6-3,200,27.0
1630193,Immanuel Quickley,TOR,33,27.8,17.1,3.5,5.8,0.7,0.1,0.42,0.378,0.867,0.5187969924812029,0.5693926478423016,0.246,-1.6,109.0,110.7,0.128,6-2,190,26.0
203078,Bradley Beal,PHX,53,32.1,17.0,3.3,3.7,1.1,0.5,0.497,0.386,0.803,0.5687022900763359,0.5967424880651503,0.219,-8.0,110.6,118.6,0.093,6-4,207,32.0
1629631,De'Andre Hunter,CLE,64,27.2,17.0,4.0,1.4,0.8,0.2,0.47,0.405,0.846,0.5756302521008403,0.6222547584187409,0.221,2.0,115.9,113.9,0.101,6-8,221,27.0
1630166,Deni Avdija,POR,72,30.0,16.9,7.3,3.9,1.0,0.5,0.476,0.365,0.78,0.5512820512820512,0.604089219330855,0.228,-0.9,113.6,114.5,0.126,6-9,240,24.0
1641718,Keyonte George,UTA,67,31.5,16.8,3.8,5.6,0.7,0.1,0.391,0.343,0.818,0.48905109489051096,0.538737814263725,0.237,-11.9,110.1,122.0,0.093,6-4,185,21.0
1627826,Ivica Zubac,LAC,80,32.8,16.8,12.6,2.7,0.7,1.1,0.628,0.0,0.661,0.6271186440677966,0.6402439024390244,0.192,9.4,116.5,107.1,0.157,7-0,240,28.0
1628401,Derrick White,BOS,76,33.9,16.4,4.5,4.8,0.9,1.1,0.442,0.384,0.839,0.5833333333333334,0.6063294883170659,0.195,10.2,119.7,109.5,0.106,6-4,190,30.0
1630170,Devin Vassell,SAS,64,31.0,16.3,4.0,2.9,1.3,0.5,0.443,0.368,0.792,0.5359712230215827,0.5530673181324647,0.217,-6.2,111.9,118.1,0.092,6-5,200,24.0
1627736,Malik Beasley,DET,82,27.8,16.3,2.6,1.7,0.9,0.1,0.43,0.416,0.679,0.5763358778625954,0.5885326400924322,0.215,3.1,113.3,110.2,0.091,6-4,187,28.0
202331,Paul George,PHI,41,32.5,16.2,5.3,4.3,1.8,0.5,0.43,0.358,0.814,0.5143884892086331,0.5415886600695373,0.233,-3.8,108.3,112.2,0.106,6-8,220,35.0
203903,Jordan Clarkson,UTA,37,26.0,16.2,3.2,3.7,0.8,0.2,0.408,0.362,0.797,0.4924812030075188,0.5394246137453382,0.269,-10.0,107.5,117.5,0.102,6-3,194,33.0
1630591,Jalen Suggs,ORL,35,28.6,16.2,4.0,3.7,1.5,0.9,0.41,0.314,0.882,0.4890510948905109,0.5377057886351566,0.268,1.0,105.7,104.8,0.107,6-5,205,24.0
1631097,Bennedict Mathurin,IND,72,29.9,16.1,5.3,1.9,0.7,0.3,0.458,0.34,0.831,0.516949152542373,0.5823206018518519,0.222,1.6,113.8,112.2,0.092,6-5,210,23.0
1626167,Myles Turner,IND,72,30.2,15.6,6.5,1.5,0.8,2.0,0.481,0.396,0.773,0.5752212389380531,0.6116687578419071,0.207,4.7,116.1,111.5,0.103,6-11,250,29.0
1631128,Christian Braun,DEN,79,33.9,15.4,5.2,2.6,1.1,0.5,0.58,0.397,0.827,0.6298076923076923,0.6644804970659303,0.155,8.2,122.7,114.5,0.096,6-6,220,24.0
1642272,Jared McCain,PHI,23,25.7,15.3,2.4,2.6,0.7,0.0,0.46,0.383,0.875,0.5546218487394957,0.5904600185242359,0.243,-2.1,109.3,111.4,0.106,6-3,195,21.0
1631109,Mark Williams,CHA,44,26.6,15.3,10.2,2.5,0.7,1.2,0.604,0.0,0.804,0.5980392156862745,0.6467703753804532,0.21,-12.7,106.3,118.9,0.156,7-0,240,23.0
1630228,Jonathan Kuminga,GSW,47,24.3,15.3,4.6,2.2,0.8,0.4,0.454,0.305,0.668,0.49586776859504134,0.534965034965035,0.271,1.0,110.0,108.9,0.11,6-7,225,22.0
1626162,Kelly Oubre Jr.,PHI,60,34.6,15.1,6.1,1.8,1.5,0.5,0.47,0.293,0.751,0.5161290322580645,0.548532403371113,0.186,-5.7,110.7,116.4,0.084,6-8,203,29.0
1631096,Chet Holmgren,OKC,32,27.4,15.0,8.0,2.0,0.7,2.2,0.49,0.379,0.754,0.5514018691588786,0.5977048135160982,0.214,16.1,121.7,105.6,0.122,7-1,208,23.0
1628398,Kyle Kuzma,MIL,65,29.8,14.8,5.7,2.3,0.6,0.3,0.436,0.307,0.634,0.49615384615384617,0.5151768309663046,0.233,-10.3,105.8,116.1,0.08,6-9,221,29.0
1642264,Stephon Castle,SAS,81,26.7,14.7,3.7,4.1,0.9,0.3,0.428,0.285,0.724,0.4754098360655738,0.5232061503416856,0.253,-4.7,111.8,116.6,0.087,6-6,215,20.0
1629023,P.J. Washington,DAL,57,32.2,14.7,7.8,2.3,1.1,1.1,0.453,0.381,0.722,0.5213675213675214,0.5551359516616314,0.198,1.1,114.2,113.2,0.097,6-6,230,26.0
203932,Aaron Gordon,DEN,51,28.4,14.7,4.8,3.2,0.5,0.3,0.531,0.436,0.81,0.6134020618556701,0.653914590747331,0.186,9.5,122.5,113.0,0.104,6-8,235,29.0
1630581,Josh Giddey,CHI,70,30.2,14.6,8.1,7.2,1.2,0.6,0.465,0.378,0.781,0.5307017543859649,0.5699562773266709,0.214,-1.4,113.1,114.4,0.13,6-8,216,22.0
1629656,Quentin Grimes,PHI,75,26.8,14.6,4.3,3.0,1.0,0.3,0.467,0.385,0.757,0.5636363636363636,0.5946562398175301,0.218,-6.2,111.9,118.1,0.105,6-4,210,25.0
1627751,Jakob Poeltl,TOR,57,29.6,14.5,9.6,2.8,1.2,1.2,0.627,0.333,0.674,0.627450980392157,0.6415929203539824,0.184,-0.7,111.2,111.9,0.133,7-0,260,29.0
1641711,Gradey Dick,TOR,54,29.4,14.4,3.6,1.8,0.9,0.2,0.41,0.35,0.858,0.49583333333333335,0.5423320277191925,0.209,-5.8,110.3,116.1,0.071,6-6,200,21.0
203924,Jerami Grant,POR,47,32.4,14.4,3.5,2.1,0.9,1.0,0.373,0.365,0.849,0.4713114754098361,0.5240174672489084,0.192,-6.1,107.4,113.4,0.07,6-7,210,31.0
1629028,Deandre Ayton,POR,40,30.1,14.4,10.2,1.6,0.8,1.0,0.566,0.188,0.667,0.5726495726495726,0.5825242718446603,0.197,-6.9,110.0,116.8,0.125,7-0,252,26.0
1630202,Payton Pritchard,BOS,80,28.4,14.3,3.8,3.5,0.9,0.2,0.472,0.407,0.845,0.6203703703703702,0.6336405529953917,0.186,9.5,118.4,108.9,0.116,6-1,195,27.0
1629675,Naz Reid,MIN,80,27.5,14.2,6.0,2.3,0.7,0.9,0.462,0.379,0.776,0.5565217391304348,0.5776114546046208,0.21,7.4,116.2,108.8,0.11,6-9,264,25.0
1630544,Tre Mann,CHA,13,24.5,14.1,2.9,3.0,0.5,0.3,0.435,0.4,0.905,0.5080645161290323,0.538003663003663,0.25,-7.3,107.0,114.4,0.098,6-3,178,24.0
1630700,Dyson Daniels,ATL,76,33.8,14.1,5.9,4.4,3.0,0.7,0.493,0.34,0.593,0.5413223140495868,0.5468507601613404,0.178,-0.9,113.3,114.2,0.099,6-7,199,22.0
1641708,Amen Thompson,HOU,69,32.3,14.1,8.2,3.8,1.4,1.3,0.557,0.275,0.684,0.5742574257425742,0.6033892502567614,0.172,6.3,114.2,107.9,0.129,6-7,200,22.0
1627832,Fred VanVleet,HOU,60,35.2,14.1,3.7,5.6,1.6,0.4,0.378,0.345,0.81,0.48425196850393704,0.5141481913652275,0.176,6.2,115.0,108.8,0.093,6-0,197,31.0
1628415,Dillon Brooks,HOU,75,31.8,14.0,3.7,1.7,0.8,0.2,0.429,0.397,0.818,0.5336134453781513,0.5553792446842272,0.176,4.7,113.5,108.8,0.067,6-6,225,29.0
1642449,Tolu Smith,DET,1,22.4,14.0,8.0,0.0,0.0,0.0,0.667,0.0,0.667,0.6666666666666666,0.6782945736434108,0.2,12.9,117.4,104.4,0.149,6-11,,24.0
202691,Klay Thompson,DAL,72,27.3,14.0,3.4,2.0,0.7,0.4,0.412,0.391,0.905,0.5327868852459017,0.5537974683544304,0.214,-2.4,112.8,115.2,0.083,6-5,220,35.0
1626171,Bobby Portis,MIL,49,25.4,13.9,8.4,2.1,0.7,0.5,0.466,0.365,0.836,0.5247933884297521,0.5446708463949843,0.234,3.4,114.1,110.8,0.131,6-10,250,30.0
202699,Tobias Harris,DET,73,31.6,13.7,5.9,2.2,1.0,0.8,0.477,0.345,0.861,0.5363636363636363,0.5702630702630702,0.173,3.9,114.7,110.8,0.1,6-8,226,32.0
1628404,Josh Hart,NYK,77,37.6,13.6,9.6,5.9,1.5,0.4,0.525,0.333,0.776,0.575,0.6077940650697176,0.151,3.6,117.9,114.3,0.119,6-4,215,30.0
1628386,Jarrett Allen,CLE,82,28.0,13.5,9.7,1.9,0.9,0.9,0.706,0.0,0.718,0.7051282051282052,0.7261187607573151,0.156,10.5,121.9,111.3,0.148,6-9,243,27.0
1630168,Onyeka Okongwu,ATL,74,27.9,13.4,8.9,2.3,0.9,0.9,0.567,0.324,0.759,0.5978260869565218,0.639557082856052,0.169,1.1,114.9,113.7,0.122,6-10,240,24.0
201566,Russell Westbrook,DEN,75,27.9,13.3,4.9,6.1,1.4,0.5,0.449,0.323,0.661,0.509009009009009,0.5335365853658537,0.23,-0.6,115.7,116.2,0.093,6-4,200,36.0
1630230,Naji Marshall,DAL,69,27.8,13.2,4.8,3.0,1.0,0.2,0.508,0.275,0.813,0.5485436893203883,0.5834512022630833,0.197,-3.2,111.5,114.7,0.105,6-6,220,27.0
1629060,Rui Hachimura,LAL,59,31.7,13.1,5.0,1.4,0.8,0.4,0.509,0.413,0.77,0.596938775510204,0.6158330199323053,0.156,3.9,114.8,110.9,0.086,6-8,230,27.0
203471,Dennis Schröder,DET,75,28.1,13.1,2.6,5.4,0.9,0.2,0.406,0.342,0.838,0.48636363636363633,0.5335614206581949,0.211,-0.9,111.8,112.8,0.091,6-1,175,31.0
201572,Brook Lopez,MIL,80,31.8,13.0,5.0,1.8,0.6,1.9,0.509,0.373,0.826,0.5927835051546392,0.6221286370597244,0.157,2.2,114.8,112.7,0.087,7-1,282,37.0
1642259,Alex Sarr,WAS,67,27.1,13.0,6.5,2.4,0.7,1.5,0.394,0.308,0.679,0.4596774193548387,0.48148148148148145,0.23,-13.7,102.7,116.4,0.084,7-0,205,20.0
1629021,Moritz Wagner,ORL,30,18.8,12.9,4.9,1.4,0.8,0.4,0.562,0.36,0.718,0.6204819277108433,0.6496776792908944,0.254,-0.9,106.1,107.0,0.165,6-11,245,28.0
1627763,Malcolm Brogdon,WAS,24,23.5,12.7,3.8,4.1,0.5,0.2,0.433,0.286,0.88,0.46499999999999997,0.5440370116518163,0.231,-10.4,106.5,116.9,0.113,6-4,229,32.0
1629640,Keldon Johnson,SAS,77,23.9,12.7,4.8,1.6,0.6,0.3,0.482,0.318,0.773,0.5349999999999999,0.5720720720720721,0.207,-5.8,110.1,115.9,0.103,6-5,220,25.0
1630703,Scoot Henderson,POR,66,26.7,12.7,3.0,5.1,1.0,0.2,0.419,0.354,0.767,0.4903846153846153,0.5397823869432166,0.22,-1.3,112.5,113.7,0.084,6-3,206,21.0
1626156,D'Angelo Russell,BKN,58,25.5,12.6,2.8,5.1,1.0,0.4,0.39,0.314,0.834,0.4772727272727273,0.5206611570247934,0.228,-1.5,110.1,111.6,0.098,6-3,193,29.0
1642258,Zaccharie Risacher,ATL,75,24.6,12.6,3.6,1.2,0.7,0.5,0.458,0.355,0.711,0.5384615384615384,0.5585106382978723,0.203,-2.7,112.3,115.0,0.071,6-8,200,20.0
1630583,Santi Aldama,MEM,65,25.5,12.5,6.4,2.9,0.8,0.4,0.483,0.368,0.691,0.5700000000000001,0.588733986435569,0.179,3.5,116.1,112.6,0.121,7-0,215,24.0
1629660,Ty Jerome,CLE,70,19.9,12.5,2.5,3.4,1.1,0.0,0.516,0.439,0.872,0.6136363636363635,0.6427396133278486,0.229,9.9,120.3,110.4,0.134,6-5,195,27.0
1631099,Keegan Murray,SAC,76,34.3,12.4,6.7,1.4,0.8,0.9,0.444,0.343,0.833,0.537037037037037,0.5537692032868882,0.148,1.5,114.8,113.4,0.075,6-8,225,24.0
1629022,Lonnie Walker IV,PHI,20,23.8,12.4,3.2,2.5,0.5,0.3,0.42,0.354,0.8,0.5330188679245284,0.5506216696269982,0.214,-14.1,104.7,118.7,0.091,6-4,204,26.0
1629655,Daniel Gafford,DAL,57,21.5,12.3,6.8,1.4,0.4,1.8,0.702,0.0,0.689,0.7042253521126761,0.7154490460679386,0.186,1.5,114.9,113.4,0.141,6-10,265,26.0
1630245,Ayo Dosunmu,CHI,46,30.3,12.3,3.5,4.5,0.9,0.4,0.492,0.328,0.785,0.5561224489795918,0.5830489192263937,0.163,-7.7,110.1,117.8,0.084,6-5,200,25.0
203084,Harrison Barnes,SAS,82,27.2,12.3,3.8,1.7,0.5,0.2,0.508,0.433,0.809,0.6204819277108433,0.6573321932449764,0.157,-1.2,114.5,115.6,0.092,6-8,225,33.0
1641731,Bilal Coulibaly,WAS,59,33.0,12.3,5.0,3.4,1.3,0.7,0.421,0.281,0.746,0.47641509433962265,0.5140421263791374,0.175,-13.8,104.5,118.3,0.07,6-8,195,20.0
1630183,Jaden McDaniels,MIN,82,31.9,12.2,5.7,2.0,1.3,0.9,0.477,0.33,0.813,0.5392156862745099,0.5594277329420396,0.16,4.0,113.9,109.9,0.086,6-9,185,24.0
1631095,Jabari Smith Jr.,HOU,57,30.1,12.2,7.0,1.1,0.4,0.7,0.438,0.354,0.825,0.5303030303030303,0.5612808244387191,0.16,7.3,113.4,106.1,0.093,6-10,220,22.0
1627747,Caris LeVert,ATL,64,24.9,12.1,3.2,3.4,0.9,0.5,0.467,0.373,0.71,0.5585106382978723,0.5786151491966335,0.191,7.2,120.5,113.4,0.094,6-6,205,30.0
1631166,Drew Timme,BKN,9,28.2,12.1,7.2,2.2,0.4,0.1,0.441,0.257,0.625,0.48672566371681414,0.5003307972213034,0.205,-12.6,102.8,115.5,0.086,6-10,235,24.0
203497,Rudy Gobert,MIN,72,33.2,12.0,10.9,1.8,0.8,1.4,0.669,0.0,0.674,0.6619718309859155,0.6839945280437756,0.129,6.7,114.3,107.6,0.126,7-1,258,33.0
1631106,Tari Eason,HOU,57,24.9,12.0,6.4,1.5,1.7,0.9,0.487,0.342,0.76,0.5459183673469387,0.5664652567975831,0.185,5.6,114.8,109.2,0.117,6-8,215,24.0
1630598,Aaron Wiggins,OKC,76,22.9,12.0,3.9,1.8,0.8,0.2,0.488,0.383,0.831,0.578125,0.5924170616113744,0.2,14.2,120.7,106.6,0.105,6-5,190,26.0
1630174,Aaron Nesmith,IND,45,24.9,12.0,4.0,1.2,0.8,0.4,0.507,0.431,0.913,0.625,0.6527415143603134,0.171,8.5,120.1,111.5,0.087,6-6,215,25.0
203114,Khris Middleton,WAS,37,22.8,11.9,3.7,4.1,0.9,0.2,0.475,0.361,0.857,0.543956043956044,0.5884098101265823,0.208,1.5,114.1,112.6,0.114,6-7,222,33.0
1631105,Jalen Duren,DET,78,26.1,11.8,10.3,2.7,0.7,1.1,0.692,0.0,0.669,0.6857142857142857,0.705404112864658,0.161,1.5,115.5,114.0,0.14,6-10,250,21.0
1628978,Donte DiVincenzo,MIN,62,25.9,11.7,3.7,3.6,1.2,0.3,0.422,0.397,0.778,0.5625000000000001,0.5826693227091634,0.188,5.1,114.2,109.1,0.1,6-4,203,28.0
1641764,Brandin Podziemski,GSW,64,26.8,11.7,5.1,3.4,1.1,0.2,0.445,0.372,0.758,0.5408163265306123,0.5592734225621414,0.177,6.6,111.6,105.1,0.114,6-4,205,22.0
1630557,Corey Kispert,WAS,61,26.3,11.6,3.0,1.7,0.4,0.2,0.451,0.364,0.852,0.5591397849462365,0.5849132714804356,0.169,-8.5,108.7,117.1,0.074,6-6,224,26.0
1631110,Jeremy Sochan,SAS,54,25.3,11.4,6.5,2.4,0.8,0.5,0.535,0.308,0.696,0.5574712643678161,0.5869028006589786,0.184,-2.7,111.9,114.5,0.101,6-8,230,22.0
1641739,Toumani Camara,POR,78,32.7,11.3,5.8,2.2,1.5,0.6,0.458,0.375,0.722,0.5489130434782609,0.5704765751211632,0.143,-1.8,111.5,113.3,0.076,6-7,229,25.0
1628392,Isaiah Hartenstein,OKC,57,27.9,11.2,10.7,3.8,0.8,1.1,0.581,0.0,0.675,0.5833333333333334,0.6006006006006006,0.165,13.0,118.3,105.3,0.138,7-0,250,27.0
201950,Jrue Holiday,BOS,62,30.6,11.1,4.3,3.9,1.1,0.4,0.443,0.353,0.909,0.5380434782608695,0.5705180921052632,0.156,8.9,116.6,107.7,0.088,6-4,205,35.0
1629018,Gary Trent Jr.,MIL,74,25.6,11.1,2.3,1.2,1.0,0.1,0.431,0.416,0.848,0.5617977528089887,0.5886720407297411,0.168,1.9,115.9,114.0,0.07,6-5,204,26.0
1631117,Walker Kessler,UTA,58,30.0,11.1,12.2,1.7,0.6,2.4,0.663,0.176,0.52,0.673611111111111,0.6651486097794821,0.133,-9.1,109.2,118.3,0.127,7-0,245,23.0
1627741,Buddy Hield,GSW,82,22.7,11.1,3.2,1.6,0.8,0.3,0.417,0.37,0.828,0.546875,0.557676848874598,0.196,2.2,112.3,110.1,0.085,6-4,220,32.0
203915,Spencer Dinwiddie,DAL,79,27.0,11.0,2.6,4.4,0.9,0.2,0.416,0.334,0.802,0.5,0.5519871537535126,0.175,-5.0,110.1,115.1,0.089,6-5,215,32.0
203501,Tim Hardaway Jr.,DET,77,28.0,11.0,2.4,1.6,0.5,0.1,0.406,0.368,0.855,0.5340909090909091,0.5707762557077625,0.151,-0.5,113.8,114.2,0.066,6-5,205,33.0
1627824,Guerschon Yabusele,PHI,70,27.1,11.0,5.6,2.1,0.8,0.3,0.501,0.38,0.725,0.59375,0.6193693693693693,0.163,-3.2,113.5,116.7,0.092,6-8,265,29.0
1629130,Duncan Robinson,MIA,74,24.1,11.0,2.3,2.4,0.5,0.1,0.437,0.393,0.887,0.5777777777777778,0.5908895573700043,0.187,0.2,110.1,109.9,0.078,6-7,215,31.0
1641729,Brice Sensabaugh,UTA,71,20.2,10.9,3.0,1.5,0.6,0.1,0.459,0.422,0.89,0.5952380952380952,0.6165158371040724,0.208,-9.6,109.9,119.5,0.087,6-5,235,21.0
203992,Bogdan Bogdanović,LAC,54,25.0,10.8,2.9,2.7,0.8,0.2,0.427,0.363,0.879,0.532967032967033,0.5608641462401329,0.183,2.7,112.7,110.0,0.074,6-5,225,32.0
1641722,Jordan Hawkins,NOP,56,23.6,10.8,2.8,1.2,0.5,0.4,0.372,0.331,0.816,0.47474747474747475,0.5050505050505051,0.204,-11.4,106.6,118.1,0.066,6-5,190,23.0
1630527,Brandon Boston,NOP,42,23.6,10.7,3.2,2.2,1.3,0.2,0.436,0.35,0.788,0.5054945054945055,0.5360721442885771,0.199,-6.2,108.6,114.8,0.085,6-6,188,23.0
1631107,Nikola Jović,MIA,46,25.1,10.7,3.9,2.8,0.8,0.3,0.456,0.371,0.828,0.5548780487804879,0.5920761398849048,0.178,-1.1,109.6,110.7,0.098,6-10,205,22.0
1628960,Grayson Allen,PHX,64,24.1,10.6,3.0,2.1,0.8,0.3,0.448,0.426,0.816,0.5986842105263158,0.6315538608198284,0.169,-3.3,114.7,118.0,0.084,6-4,198,29.0
1630553,Keon Johnson,BKN,79,24.4,10.6,3.8,2.2,1.0,0.4,0.389,0.314,0.77,0.4646464646464646,0.4956977179199401,0.212,-10.3,104.1,114.4,0.07,6-5,185,23.0
1626179,Terry Rozier,MIA,64,25.9,10.6,3.7,2.6,0.6,0.2,0.391,0.295,0.852,0.4646464646464646,0.4977460555972953,0.195,-4.9,107.3,112.3,0.078,6-1,190,31.0
1630167,Obi Toppin,IND,79,19.6,10.5,4.0,1.6,0.6,0.4,0.529,0.365,0.781,0.618421052631579,0.6389970788704966,0.191,-2.6,113.6,116.1,0.115,6-9,220,27.0
1629684,Grant Williams,CHA,16,29.9,10.4,5.1,2.3,1.1,0.8,0.439,0.365,0.838,0.551948051948052,0.5968778696051423,0.146,1.6,114.9,113.3,0.076,6-6,236,26.0
1642377,Jaylen Wells,MEM,79,25.9,10.4,3.4,1.7,0.6,0.1,0.425,0.352,0.822,0.5174418604651163,0.5562687205819428,0.156,4.7,116.7,111.9,0.065,6-8,,21.0
202685,Jonas Valančiūnas,SAC,81,18.8,10.4,7.7,2.0,0.5,0.6,0.55,0.216,0.879,0.5649350649350648,0.6060606060606061,0.222,-9.6,109.2,118.8,0.147,6-11,265,33.0
1630534,Ochai Agbaji,TOR,64,27.2,10.4,3.8,1.5,0.9,0.5,0.498,0.399,0.708,0.6024096385542168,0.6010171058714747,0.144,-5.7,106.4,112.2,0.081,6-5,215,25.0
1630631,Jose Alvarado,NOP,56,24.4,10.3,2.4,4.6,1.3,0.3,0.392,0.359,0.811,0.49462365591397844,0.521677471636953,0.193,-8.7,108.4,117.1,0.09,6-0,179,27.0
1629651,Nic Claxton,BKN,70,26.9,10.3,7.4,2.2,0.9,1.4,0.563,0.238,0.513,0.5740740740740741,0.5679311865902074,0.166,-12.6,103.6,116.2,0.115,6-11,215,26.0
1629645,Kevin Porter Jr.,MIL,75,19.8,10.3,3.7,3.4,1.1,0.2,0.449,0.311,0.769,0.4885057471264368,0.5302718286655684,0.248,1.1,109.1,108.0,0.119,6-4,203,25.0
1629001,De'Anthony Melton,BKN,6,20.2,10.3,3.3,2.8,1.2,0.3,0.407,0.371,0.625,0.5333333333333334,0.5380275804429587,0.223,10.9,108.3,97.4,0.091,6-3,200,27.0
1630529,Herbert Jones,NOP,20,32.4,10.3,3.9,3.3,1.9,0.5,0.436,0.306,0.825,0.5058139534883721,0.5432489451476793,0.146,-0.7,111.8,112.5,0.062,6-7,206,26.0
1630570,Trendon Watford,BKN,44,20.7,10.2,3.6,2.6,0.6,0.3,0.469,0.33,0.762,0.50625,0.5524263431542461,0.226,-4.4,105.1,109.4,0.101,6-8,237,24.0
1630198,Isaiah Joe,OKC,74,21.7,10.2,2.6,1.6,0.6,0.1,0.44,0.412,0.821,0.6075949367088607,0.6180319922443043,0.166,15.8,119.9,104.1,0.089,6-3,165,25.0
1626145,Tyus Jones,PHX,81,26.8,10.2,2.4,5.3,0.9,0.1,0.448,0.414,0.895,0.5714285714285714,0.5856683509416628,0.16,-2.5,113.6,116.1,0.099,6-1,196,29.0
1641709,Ausar Thompson,DET,59,22.5,10.1,5.1,2.3,1.7,0.7,0.535,0.224,0.641,0.5512820512820513,0.5702348690153568,0.185,4.0,113.1,109.2,0.104,6-6,205,22.0
1631232,Keion Brooks Jr.,NOP,14,23.7,10.1,4.1,0.9,0.7,0.7,0.486,0.326,0.733,0.5512820512820513,0.5788629069234296,0.169,-20.5,100.7,121.2,0.079,6-7,210,24.0
1627884,Derrick Jones Jr.,LAC,77,24.3,10.1,3.4,0.8,1.0,0.4,0.526,0.356,0.703,0.5921052631578948,0.6113801452784503,0.16,6.7,115.5,108.7,0.076,6-6,210,28.0
1629652,Luguentz Dort,OKC,71,29.2,10.1,4.1,1.6,1.1,0.5,0.435,0.412,0.717,0.5714285714285714,0.5828716528162512,0.133,13.1,120.4,107.3,0.063,6-4,220,26.0
1642348,Justin Edwards,PHI,44,26.2,10.1,3.4,1.6,1.0,0.4,0.455,0.363,0.696,0.5465116279069768,0.5586283185840708,0.165,-11.6,111.6,123.2,0.062,6-7,203,21.0
1629614,Andrew Nembhard,IND,65,28.9,10.0,3.3,5.0,1.2,0.2,0.458,0.291,0.794,0.5060240963855421,0.5420641803989592,0.163,5.3,115.5,110.2,0.081,6-4,191,25.0
1628449,Chris Boucher,TOR,50,17.2,10.0,4.5,0.7,0.5,0.5,0.492,0.363,0.782,0.581081081081081,0.6136475208640157,0.208,-0.2,113.3,113.5,0.126,6-9,200,32.0
1630533,Ziaire Williams,BKN,63,24.5,10.0,4.6,1.3,1.0,0.4,0.412,0.341,0.821,0.5060240963855421,0.5446623093681916,0.179,-9.7,106.5,116.2,0.081,6-9,185,23.0
1628989,Kevin Huerter,CHI,69,24.3,9.9,3.0,2.3,1.0,0.3,0.425,0.338,0.714,0.5284090909090909,0.5434782608695652,0.171,2.8,114.5,111.7,0.073,6-7,198,26.0
1627777,Georges Niang,ATL,79,21.5,9.9,3.4,1.4,0.4,0.2,0.461,0.406,0.793,0.5961538461538463,0.6105081401085347,0.177,4.7,118.7,114.1,0.071,6-7,230,32.0
1630590,Scotty Pippen Jr.,MEM,79,21.3,9.9,3.3,4.4,1.3,0.4,0.48,0.397,0.713,0.5533333333333333,0.5845536136041568,0.188,1.3,111.0,109.7,0.106,6-1,170,24.0
1630577,Julian Champagnie,SAS,82,23.6,9.9,3.9,1.4,0.7,0.4,0.415,0.371,0.904,0.5555555555555556,0.5766542404473439,0.164,-2.1,112.3,114.5,0.079,6-7,217,24.0
1641733,Nick Smith Jr.,CHA,60,22.8,9.9,2.1,2.4,0.3,0.1,0.391,0.34,0.935,0.4789473684210526,0.502436053593179,0.205,-14.3,102.1,116.4,0.064,6-2,185,21.0
1642267,Bub Carrington,WAS,82,30.0,9.8,4.2,4.4,0.7,0.3,0.401,0.339,0.812,0.5,0.5136268343815514,0.154,-15.2,102.8,118.0,0.071,6-4,190,19.0
1630541,Moses Moody,GSW,74,22.3,9.8,2.6,1.3,0.8,0.4,0.433,0.374,0.797,0.5389610389610389,0.5770136599152142,0.17,4.3,113.2,108.9,0.076,6-5,211,23.0
1629599,Amir Coffey,LAC,72,24.3,9.7,2.2,1.1,0.6,0.1,0.471,0.409,0.891,0.5633802816901409,0.61454637607704,0.15,-1.4,109.1,110.6,0.072,6-7,210,28.0
1642271,Kyle Filipowski,UTA,72,21.1,9.6,6.1,1.9,0.7,0.3,0.502,0.35,0.65,0.576388888888889,0.594059405940594,0.184,-11.3,107.7,118.9,0.103,6-11,250,21.0
1631108,Max Christie,DAL,78,27.3,9.6,3.3,1.9,0.8,0.4,0.427,0.366,0.855,0.5197368421052632,0.5689900426742532,0.15,-1.7,112.6,114.3,0.069,6-5,190,22.0
1630540,Miles McBride,NYK,64,24.9,9.5,2.5,2.9,1.0,0.3,0.406,0.369,0.813,0.5176470588235295,0.5313199105145414,0.162,7.1,116.8,109.7,0.077,6-1,195,24.0
1641787,Tosan Evbuomwan,BKN,28,23.7,9.5,4.3,2.0,0.9,0.4,0.427,0.312,0.753,0.4873417721518987,0.5252100840336135,0.183,-5.0,103.4,108.4,0.087,6-7,217,24.0
1630592,Jalen Wilson,BKN,79,25.7,9.5,3.4,1.8,0.5,0.1,0.397,0.337,0.818,0.4935897435897436,0.5444750114626318,0.161,-6.7,106.9,113.7,0.065,6-6,220,24.0
1629638,Nickeil Alexander-Walker,MIN,82,25.3,9.4,3.2,2.7,0.6,0.4,0.438,0.381,0.78,0.5533333333333332,0.5791030064070971,0.155,6.6,115.1,108.5,0.081,6-5,205,26.0
1641710,Anthony Black,ORL,78,24.2,9.4,2.9,3.1,1.1,0.6,0.423,0.318,0.761,0.48101265822784806,0.5222222222222223,0.19,-0.9,106.2,107.1,0.084,6-7,200,21.0
1641715,Cam Whitmore,HOU,51,16.2,9.4,3.0,1.0,0.6,0.3,0.444,0.355,0.75,0.5253164556962026,0.5519023015500235,0.231,1.1,113.4,112.3,0.108,6-7,230,20.0
1630175,Cole Anthony,MEM,67,18.4,9.4,3.0,2.9,0.7,0.5,0.424,0.353,0.823,0.4876543209876544,0.5311934900542497,0.238,-1.2,107.7,109.0,0.105,6-2,185,25.0
1641774,Tristan Vukcevic,WAS,35,14.6,9.4,3.7,1.1,0.3,0.7,0.496,0.373,0.776,0.572463768115942,0.607549120992761,0.252,-11.7,102.6,114.3,0.127,7-0,220,22.0
1629622,Max Strus,CLE,50,25.5,9.4,4.3,3.2,0.5,0.2,0.442,0.386,0.824,0.5933333333333333,0.6019467213114754,0.143,7.9,120.1,112.2,0.083,6-5,215,29.0
1630208,Nick Richards,PHX,57,22.0,9.3,8.2,0.9,0.2,1.0,0.591,0.0,0.744,0.5901639344262296,0.6342062193126023,0.169,-8.7,112.3,120.9,0.107,7-0,245,27.0
1642276,Kel'el Ware,MIA,64,22.2,9.3,7.4,0.9,0.6,1.1,0.554,0.315,0.687,0.5821917808219178,0.6007751937984497,0.169,1.9,112.8,110.9,0.119,7-0,230,21.0
1641744,Zach Edey,MEM,66,21.5,9.2,8.3,1.0,0.5,1.3,0.58,0.346,0.709,0.5984848484848485,0.6186121570736955,0.156,5.3,116.8,111.5,0.111,7-4,305,23.0
1642274,Yves Missi,NOP,73,26.8,9.1,8.2,1.4,0.5,1.3,0.547,0.0,0.623,0.5522388059701493,0.5736258194654563,0.141,-12.7,107.8,120.5,0.09,6-11,235,21.0
1626220,Royce O'Neale,PHX,75,24.5,9.1,4.7,2.2,0.9,0.4,0.423,0.406,0.731,0.5789473684210527,0.5884635281945163,0.151,-4.2,112.1,116.4,0.085,6-6,226,32.0
204456,T.J. McConnell,IND,79,17.9,9.1,2.4,4.4,1.1,0.3,0.519,0.306,0.74,0.531645569620253,0.5455635491606714,0.226,-2.7,111.1,113.8,0.129,6-1,190,33.0
1641730,Noah Clowney,BKN,46,22.7,9.1,3.9,0.9,0.5,0.5,0.358,0.333,0.838,0.47530864197530864,0.514240506329114,0.185,-12.3,103.0,115.2,0.061,6-9,210,20.0
1642261,Dalton Knecht,LAL,78,19.2,9.1,2.8,0.8,0.3,0.1,0.461,0.376,0.762,0.5774647887323944,0.5999472573839663,0.181,-2.8,112.2,114.9,0.087,6-6,215,24.0
1628976,Wendell Carter Jr.,ORL,68,25.9,9.1,7.2,2.0,0.8,0.6,0.46,0.234,0.737,0.4930555555555555,0.5453020134228187,0.159,0.0,107.8,107.8,0.099,6-10,270,26.0
1630639,A.J. Lawson,TOR,26,18.7,9.1,3.3,1.2,0.5,0.2,0.421,0.327,0.683,0.5136986301369864,0.5445189085686931,0.189,-1.4,109.7,111.1,0.082,6-6,179,24.0
201143,Al Horford,BOS,60,27.6,9.0,6.2,2.1,0.6,0.9,0.423,0.363,0.895,0.551948051948052,0.5650426921145153,0.136,11.5,119.6,108.1,0.091,6-9,240,39.0
1630215,Jared Butler,PHI,60,17.4,9.0,1.8,3.7,0.7,0.2,0.448,0.355,0.824,0.5131578947368421,0.5447941888619855,0.222,-6.0,108.5,114.5,0.102,6-3,193,24.0
203110,Draymond Green,GSW,68,29.2,9.0,6.1,5.6,1.5,1.0,0.424,0.325,0.687,0.5066666666666667,0.5314123760037789,0.157,6.6,115.4,108.8,0.088,6-6,230,35.0
1630165,Killian Hayes,BKN,6,27.1,9.0,3.0,5.2,0.7,0.7,0.419,0.381,0.833,0.5069444444444444,0.556930693069307,0.145,-5.7,109.9,115.6,0.085,6-5,195,23.0
1630172,Patrick Williams,CHI,63,25.0,9.0,3.8,2.0,0.8,0.5,0.397,0.353,0.723,0.49390243902439024,0.5129958960328318,0.165,-4.8,108.7,113.5,0.062,6-7,215,23.0
1631124,Julian Strawther,DEN,65,21.3,9.0,2.2,1.3,0.6,0.2,0.432,0.349,0.822,0.52,0.5544603252833908,0.173,-2.5,111.9,114.4,0.057,6-6,205,23.0
203935,Marcus Smart,WAS,34,20.0,9.0,2.1,3.2,1.1,0.3,0.393,0.348,0.761,0.48684210526315796,0.5279211637728767,0.198,2.6,109.9,107.3,0.086,6-3,220,31.0
203991,Clint Capela,ATL,55,21.4,8.9,8.5,1.1,0.6,1.0,0.559,0.0,0.536,0.5633802816901409,0.56386213887481,0.16,-2.7,108.7,111.5,0.117,6-10,256,31.0
1628379,Luke Kennard,MEM,65,22.6,8.9,2.8,3.3,0.8,0.1,0.478,0.433,0.895,0.6136363636363636,0.6360777587192682,0.14,3.1,117.6,114.5,0.093,6-5,206,29.0
1630548,Johnny Juzang,UTA,64,19.8,8.9,2.9,1.1,0.6,0.1,0.429,0.376,0.849,0.5540540540540541,0.5740454076367388,0.174,-13.1,107.2,120.3,0.071,6-5,226,24.0
203994,Jusuf Nurkić,CHA,51,20.8,8.9,7.8,2.3,0.8,0.7,0.477,0.305,0.664,0.5217391304347825,0.55625,0.202,-9.0,106.1,115.1,0.116,7-0,290,30.0
1630551,Justin Champagnie,WAS,62,21.6,8.8,5.7,1.0,1.0,0.6,0.511,0.383,0.685,0.6060606060606061,0.617283950617284,0.15,-9.7,107.1,116.8,0.101,6-6,206,24.0
101108,Chris Paul,SAS,82,28.0,8.8,3.6,7.4,1.3,0.3,0.427,0.377,0.924,0.5422535211267606,0.580168776371308,0.137,-0.8,114.2,115.0,0.102,6-0,175,40.0
1629004,Svi Mykhailiuk,UTA,38,20.0,8.8,2.4,2.0,0.5,0.2,0.391,0.345,0.8,0.5063291139240506,0.5303760848601735,0.198,-7.4,110.3,117.7,0.067,6-7,205,28.0
1642273,Kyshawn George,WAS,68,26.5,8.7,4.2,2.5,1.0,0.7,0.372,0.322,0.753,0.48125,0.5048746518105849,0.156,-10.1,105.4,115.5,0.058,6-8,200,21.0
203484,Kentavious Caldwell-Pope,MEM,77,29.6,8.7,2.2,1.8,1.3,0.4,0.439,0.342,0.863,0.5422535211267606,0.5702674357629784,0.121,0.5,109.1,108.6,0.065,6-5,204,32.0
203957,Danté Exum,DAL,20,18.6,8.7,1.7,2.8,0.6,0.2,0.478,0.434,0.742,0.5671641791044776,0.5875202593192869,0.193,-6.0,109.3,115.2,0.083,6-5,214,29.0
1627827,Dorian Finney-Smith,LAL,63,28.9,8.7,3.9,1.4,0.9,0.4,0.448,0.411,0.667,0.5942028985507245,0.603496115427303,0.123,8.8,119.1,110.3,0.06,6-7,220,32.0
1642268,Isaiah Collier,UTA,71,25.9,8.7,3.3,6.3,0.9,0.2,0.422,0.249,0.682,0.4615384615384615,0.49612226277372257,0.186,-10.4,108.3,118.6,0.077,6-3,210,20.0
1631213,Tyrese Martin,BKN,60,21.9,8.7,3.7,2.0,0.6,0.2,0.406,0.351,0.793,0.5192307692307693,0.5279126213592232,0.179,-10.2,103.2,113.4,0.084,6-6,215,26.0
1630702,Jaden Hardy,DAL,57,15.9,8.7,1.6,1.4,0.5,0.1,0.435,0.386,0.698,0.5273972602739726,0.5464824120603015,0.244,-3.2,108.3,111.6,0.069,6-3,198,22.0
203482,Kelly Olynyk,NOP,44,20.2,8.7,4.7,2.9,0.8,0.4,0.5,0.418,0.769,0.5573770491803279,0.6041666666666666,0.185,-2.7,110.7,113.4,0.098,6-11,240,34.0
1641726,Dereck Lively II,DAL,36,23.1,8.7,7.5,2.4,0.6,1.6,0.702,0.0,0.63,0.6981132075471699,0.7038834951456311,0.132,7.7,114.1,106.4,0.124,7-1,230,21.0
1629052,Oshae Brissett,PHI,6,23.7,8.7,3.7,0.7,0.7,0.5,0.487,0.333,0.571,0.5692307692307692,0.579073482428115,0.154,-10.7,113.6,124.3,0.05,6-7,210,27.0
1642266,Ja'Kobe Walter,TOR,52,21.2,8.6,3.1,1.6,0.8,0.2,0.405,0.349,0.795,0.493421052631579,0.5178227360308285,0.179,-2.4,108.6,111.1,0.068,6-5,180,20.0
1641824,Matas Buzelis,CHI,80,18.9,8.6,3.5,1.0,0.4,0.9,0.454,0.361,0.815,0.5507246376811594,0.5721128259712612,0.181,-1.7,110.4,112.1,0.079,6-10,209,20.0
1631170,Jaime Jaquez Jr.,MIA,66,20.7,8.6,4.4,2.5,0.9,0.2,0.461,0.311,0.754,0.5,0.5396586345381525,0.194,-6.0,107.9,113.9,0.098,6-6,225,24.0
1626204,Larry Nance Jr.,ATL,24,19.3,8.5,4.3,1.6,0.8,0.5,0.516,0.447,0.692,0.6153846153846154,0.6324404761904762,0.155,-9.0,107.5,116.5,0.106,6-8,245,32.0
1630573,Sam Hauser,BOS,71,21.7,8.5,3.2,0.9,0.6,0.2,0.451,0.416,1.0,0.6194029850746269,0.6261048909840895,0.14,10.0,119.8,109.8,0.083,6-7,217,27.0
1631197,Jared Rhoden,TOR,14,16.2,8.4,3.0,1.1,0.7,0.1,0.483,0.308,0.88,0.5564516129032259,0.6006864988558352,0.183,14.7,118.1,103.4,0.106,6-5,210,25.0
1629669,Jaylen Nowell,WAS,8,21.0,8.4,2.5,2.3,0.1,0.5,0.356,0.296,0.636,0.4175824175824176,0.43227665706051877,0.215,-13.1,100.9,114.0,0.06,6-4,201,25.0
1641717,Cason Wallace,OKC,68,27.6,8.4,3.4,2.5,1.8,0.5,0.474,0.356,0.811,0.5486111111111112,0.5660377358490566,0.124,10.1,117.2,107.1,0.075,6-3,195,21.0
1630625,Dalano Banton,POR,67,16.7,8.3,2.0,2.4,0.6,0.5,0.391,0.324,0.728,0.46710526315789475,0.49193930772878147,0.237,-1.5,110.2,111.8,0.089,6-8,203,25.0
1631165,Keon Ellis,SAC,80,24.4,8.3,2.7,1.5,1.5,0.8,0.489,0.433,0.849,0.6293103448275862,0.6604073838319543,0.125,3.0,116.1,113.2,0.073,6-4,175,25.0
1629634,Brandon Clarke,MEM,64,18.9,8.3,5.1,1.0,0.8,0.6,0.621,0.059,0.701,0.6271186440677966,0.6368937998772254,0.15,8.2,116.5,108.2,0.108,6-8,215,28.0
1630314,Brandon Williams,DAL,33,14.8,8.3,1.8,2.3,0.7,0.2,0.521,0.4,0.833,0.5877192982456141,0.6306990881458967,0.218,0.7,109.5,108.8,0.119,6-1,190,25.0
1628971,Bruce Brown,NOP,41,22.5,8.3,4.0,2.0,0.8,0.2,0.421,0.333,0.815,0.4733333333333334,0.5058508044856168,0.169,-11.9,104.8,116.8,0.078,6-4,202,28.0
1627752,Taurean Prince,MIL,80,27.1,8.2,3.6,1.9,1.0,0.2,0.457,0.439,0.813,0.5937499999999999,0.6152460984393756,0.123,-0.4,114.0,114.5,0.064,6-6,218,31.0
201144,Mike Conley,MIN,71,24.7,8.2,2.6,4.5,1.1,0.2,0.4,0.41,0.9,0.5303030303030303,0.5716675962074734,0.141,6.5,115.5,109.0,0.092,6-0,175,37.0
1630188,Jalen Smith,CHI,64,15.0,8.2,5.6,1.0,0.3,0.7,0.466,0.324,0.809,0.5546874999999999,0.5843785632839225,0.201,-1.2,110.3,111.5,0.133,6-9,215,25.0
1642366,Quinten Post,GSW,42,16.3,8.1,3.5,1.3,0.4,0.4,0.449,0.408,0.778,0.5769230769230769,0.5987581312832643,0.197,2.4,111.5,109.1,0.095,7-0,238,25.0
1631212,Peyton Watson,DEN,68,24.3,8.1,3.4,1.4,0.7,1.4,0.477,0.353,0.693,0.5317460317460317,0.564066852367688,0.138,0.0,113.9,113.9,0.066,6-7,200,22.0
1628997,Caleb Martin,DAL,45,27.1,7.9,3.9,2.1,1.0,0.5,0.424,0.359,0.622,0.4852941176470588,0.5084963954685892,0.143,-6.3,106.5,112.8,0.063,6-5,205,29.0
1630549,Day'Ron Sharpe,BKN,50,18.1,7.9,6.6,1.8,0.8,0.8,0.521,0.244,0.757,0.5396825396825397,0.567528735632184,0.186,2.1,109.2,107.1,0.134,6-9,265,23.0
1630558,Davion Mitchell,MIA,74,27.4,7.9,2.3,4.9,1.0,0.2,0.468,0.398,0.69,0.5546874999999999,0.573794305636258,0.135,0.3,111.0,110.7,0.069,6-0,202,26.0
1630623,Tyson Etienne,BKN,7,21.6,7.9,1.3,1.7,0.4,0.1,0.327,0.295,0.8,0.45270270270270263,0.49276447105788423,0.177,-20.5,98.8,119.3,0.024,6-2,200,25.0
1642354,KJ Simpson,CHA,36,23.4,7.8,3.0,3.1,0.9,0.2,0.346,0.254,0.82,0.3988095238095238,0.432564330079858,0.188,-15.4,101.0,116.4,0.06,6-0,189,22.0
1631255,Karlo Matković,NOP,42,18.8,7.7,5.0,1.1,0.5,1.0,0.574,0.318,0.773,0.6160714285714286,0.6374172185430463,0.155,-4.7,109.4,114.1,0.096,6-10,231,24.0
1629611,Terance Mann,ATL,67,21.1,7.7,3.0,1.8,0.7,0.2,0.496,0.368,0.691,0.5725806451612904,0.5798192771084337,0.145,-2.3,112.9,115.2,0.074,6-5,215,28.0
1628366,Lonzo Ball,CHI,35,22.2,7.6,3.4,3.3,1.3,0.5,0.366,0.344,0.815,0.5,0.5239933811362382,0.152,5.5,113.5,108.0,0.078,6-6,190,27.0
1642358,AJ Johnson,WAS,29,22.0,7.6,2.0,2.6,0.4,0.1,0.385,0.267,0.865,0.4383561643835616,0.48272357723577236,0.173,-11.5,104.1,115.6,0.053,6-5,160,20.0
1631131,Oscar Tshiebwe,UTA,14,18.2,7.6,8.7,0.6,0.9,0.1,0.6,0.0,0.742,0.6,0.6367292225201072,0.144,-2.5,113.4,115.8,0.14,6-8,255,25.0
1629680,Matisse Thybulle,POR,15,20.8,7.5,3.5,1.9,2.2,0.6,0.477,0.438,0.467,0.5932203389830508,0.5914826498422712,0.135,0.2,105.3,105.1,0.114,6-5,201,28.0
1629726,Garrison Mathews,ATL,47,17.6,7.5,1.9,1.3,0.6,0.3,0.397,0.39,0.821,0.5636363636363636,0.6001920614596671,0.153,-3.5,107.9,111.4,0.068,6-6,215,28.0
1630182,Josh Green,CHA,68,27.8,7.4,2.5,1.6,1.1,0.2,0.428,0.391,0.681,0.532258064516129,0.5535607420706165,0.115,-8.9,105.3,114.2,0.043,6-5,200,24.0
1626158,Richaun Holmes,WAS,31,17.2,7.4,5.7,1.4,0.3,0.7,0.647,0.0,0.833,0.6444444444444444,0.6934032983508246,0.143,-4.3,110.2,114.5,0.135,6-9,235,31.0
1631260,AJ Green,MIL,73,22.7,7.4,2.4,1.5,0.5,0.1,0.429,0.427,0.815,0.6120689655172413,0.6191432396251674,0.123,6.4,114.0,107.6,0.058,6-4,190,25.0
202692,Alec Burks,MIA,49,17.6,7.3,2.5,1.1,0.6,0.1,0.424,0.425,0.776,0.5818181818181818,0.6144781144781144,0.16,5.9,113.5,107.6,0.088,6-5,214,33.0
1641741,Ricky Council IV,PHI,73,17.1,7.3,2.9,1.3,0.4,0.2,0.382,0.258,0.804,0.4444444444444444,0.5052602436323367,0.196,-6.1,109.9,116.0,0.08,6-6,207,23.0
1641878,Damion Baugh,CHA,15,24.7,7.3,3.3,3.7,1.0,0.1,0.323,0.214,0.867,0.367816091954023,0.3993435448577681,0.186,-22.3,99.5,121.8,0.051,6-4,194,24.0
203083,Andre Drummond,PHI,40,18.8,7.3,7.8,0.9,1.0,0.5,0.5,0.15,0.622,0.49999999999999994,0.5280671296296295,0.183,-15.5,103.4,118.9,0.109,6-11,279,31.0
1641783,Tristan da Silva,ORL,74,22.0,7.2,3.3,1.5,0.4,0.2,0.412,0.335,0.873,0.5,0.5220417633410673,0.149,-4.2,106.1,110.3,0.074,6-8,217,24.0
1629048,Goga Bitadze,ORL,70,20.4,7.2,6.6,2.0,0.7,1.4,0.611,0.107,0.639,0.625,0.63875088715401,0.142,2.7,110.1,107.4,0.134,6-10,250,25.0
1641713,GG Jackson,MEM,29,15.8,7.2,3.2,1.0,0.4,0.2,0.372,0.337,0.725,0.4565217391304348,0.47897817988291647,0.219,-5.9,112.7,118.6,0.064,6-9,210,20.0
1630241,Sam Merrill,CLE,71,19.7,7.2,2.2,1.5,0.7,0.2,0.406,0.372,0.966,0.5583333333333332,0.582901554404145,0.14,10.3,117.4,107.1,0.069,6-4,205,29.0
1630200,Tre Jones,CHI,46,19.7,7.2,2.5,4.2,0.8,0.2,0.538,0.396,0.821,0.5769230769230769,0.6143344709897611,0.136,-1.5,112.0,113.5,0.11,6-1,185,25.0
1631342,Daeqwon Plowden,ATL,6,11.9,7.2,1.8,0.3,0.0,0.0,0.64,0.529,1.0,0.8214285714285714,0.8310249307479225,0.181,19.8,104.0,84.2,0.122,6-6,216,26.0
1641772,Nae'Qwan Tomlin,CLE,5,12.7,7.2,4.2,0.4,0.0,0.2,0.406,0.2,0.727,0.4375,0.48859934853420195,0.23,4.4,96.4,92.0,0.096,6-10,210,24.0
1630249,Vít Krejčí,ATL,57,20.2,7.2,2.7,2.6,0.6,0.5,0.497,0.437,0.711,0.6470588235294118,0.6603081438004402,0.131,-1.9,109.7,111.6,0.086,6-8,195,25.0
1629006,Josh Okogie,CHA,40,15.6,7.1,2.8,0.8,1.2,0.5,0.443,0.348,0.741,0.5283018867924528,0.5703727506426735,0.185,-0.5,108.8,109.3,0.1,6-4,213,26.0
1641720,Jalen Hood-Schifino,PHI,15,21.0,7.1,1.8,2.5,0.3,0.5,0.378,0.304,0.857,0.4538461538461539,0.49887577290612706,0.164,-16.4,107.2,123.5,0.049,6-5,210,22.0
1642347,Jamal Shead,TOR,75,19.6,7.1,1.5,4.2,0.8,0.1,0.405,0.323,0.768,0.47761194029850745,0.5002818489289741,0.179,-7.8,105.5,113.3,0.07,6-1,200,22.0
1642419,Jamison Battle,TOR,59,17.7,7.1,2.7,0.9,0.3,0.2,0.429,0.405,0.889,0.5762711864406779,0.5885278514588859,0.147,-8.4,105.0,113.4,0.072,6-7,220,24.0
1627936,Alex Caruso,OKC,54,19.3,7.1,2.9,2.5,1.6,0.6,0.446,0.353,0.824,0.5431034482758621,0.5729502905100065,0.147,15.0,117.5,102.5,0.101,6-5,186,31.0
1630288,Jeff Dowtin Jr.,PHI,41,15.1,7.0,1.5,1.9,0.6,0.3,0.487,0.4,0.733,0.5446428571428572,0.5752794214332676,0.176,-9.2,107.6,116.7,0.106,6-3,177,28.0
1631301,Jaylen Sims,CHA,6,18.6,7.0,1.0,2.0,0.5,0.2,0.429,0.4,0.8,0.5319148936170213,0.6034482758620688,0.159,-20.0,100.4,120.4,0.057,6-6,210,26.0
1630543,Isaiah Jackson,IND,5,16.8,7.0,5.6,1.0,0.6,1.6,0.609,0.0,0.5,0.6086956521739131,0.6001371742112483,0.164,5.4,112.5,107.1,0.095,6-9,205,23.0
1630585,Marcus Garrett,CHA,4,19.8,7.0,1.5,3.3,0.8,0.5,0.407,0.375,0.75,0.47058823529411764,0.48342541436464087,0.193,-23.6,95.6,119.3,0.057,6-5,205,26.0
1630643,Jay Huff,MEM,64,11.7,6.9,2.0,0.6,0.3,0.9,0.515,0.405,0.786,0.65625,0.663972286374134,0.194,0.8,111.0,110.1,0.108,7-1,240,27.0
1626166,Cameron Payne,NYK,72,15.1,6.9,1.4,2.8,0.5,0.2,0.401,0.363,0.907,0.5080645161290323,0.5265567765567766,0.2,9.1,116.6,107.5,0.089,6-3,183,30.0
1631222,Jake LaRavia,SAC,66,20.4,6.9,3.9,2.4,0.9,0.3,0.475,0.423,0.678,0.5588235294117647,0.5899452804377565,0.14,3.8,115.0,111.2,0.081,6-7,235,23.0
1642346,Ryan Dunn,PHX,74,19.1,6.9,3.6,0.8,0.6,0.5,0.43,0.311,0.487,0.5234374999999999,0.5211480362537765,0.161,-4.7,110.4,115.1,0.059,6-8,216,22.0
1631115,Orlando Robinson,TOR,44,17.5,6.9,5.0,1.8,0.4,0.4,0.444,0.327,0.771,0.4745762711864407,0.5224106602059359,0.177,-4.8,104.5,109.2,0.088,6-10,235,24.0
1641810,Antonio Reeves,NOP,44,15.0,6.9,1.4,0.9,0.5,0.1,0.456,0.395,0.8,0.5714285714285715,0.5796370967741936,0.183,-10.2,107.3,117.5,0.072,6-5,205,24.0
1629637,Jaxson Hayes,LAL,56,19.5,6.8,4.8,1.0,0.6,0.9,0.722,0.0,0.622,0.725,0.7095158597662772,0.12,2.5,112.3,109.8,0.097,7-0,220,25.0
1628998,Cody Martin,PHX,53,22.1,6.8,4.2,2.0,1.1,0.6,0.418,0.285,0.705,0.49180327868852464,0.5129752564876282,0.142,-3.2,108.1,111.3,0.08,6-6,205,29.0
1629626,Bol Bol,PHX,36,12.5,6.8,2.9,0.6,0.3,0.7,0.525,0.344,0.769,0.6176470588235295,0.628698224852071,0.204,-3.9,112.1,115.9,0.114,7-3,220,25.0
201569,Eric Gordon,PHI,39,19.7,6.8,1.2,1.7,0.7,0.3,0.426,0.409,0.75,0.5576923076923077,0.5935754189944135,0.14,-5.4,111.0,116.4,0.067,6-3,215,36.0
1629610,DaQuan Jeffries,CHA,47,22.8,6.7,2.9,1.1,0.6,0.5,0.405,0.335,0.8,0.5,0.5182549504950494,0.136,-11.6,106.6,118.2,0.046,6-5,222,27.0
1630542,Marcus Bagley,PHI,10,25.3,6.7,7.0,1.0,0.9,1.2,0.391,0.156,0.8,0.427536231884058,0.45640326975476836,0.128,-15.9,101.1,117.0,0.077,6-6,217,23.0
1631311,Lester Quinones,NOP,13,14.1,6.6,1.5,1.8,0.2,0.2,0.397,0.295,0.846,0.48333333333333334,0.5124223602484471,0.213,-5.9,104.5,110.4,0.065,6-4,208,24.0
1631204,Marcus Sasser,DET,57,14.2,6.6,1.2,2.3,0.6,0.1,0.463,0.382,0.843,0.5576923076923077,0.5897069335239457,0.187,2.9,110.4,107.5,0.095,6-2,195,24.0
1631218,Trayce Jackson-Davis,GSW,62,15.6,6.6,5.0,1.7,0.4,0.6,0.576,0.0,0.578,0.5714285714285714,0.588865096359743,0.164,-3.5,107.8,111.3,0.12,6-9,245,25.0
203995,Vasilije Micic,PHX,41,19.1,6.6,2.2,3.1,0.4,0.0,0.348,0.36,0.829,0.42537313432835816,0.46218487394957974,0.199,-7.2,102.2,109.4,0.061,6-3,188,31.0
1630173,Precious Achiuwa,NYK,57,20.5,6.6,5.6,1.0,0.8,0.7,0.502,0.278,0.594,0.5263157894736842,0.5298651252408477,0.143,-1.2,110.2,111.4,0.092,6-8,243,25.0
1631246,Vince Williams Jr.,MEM,27,18.5,6.6,3.6,2.0,0.4,0.3,0.401,0.274,0.792,0.48387096774193544,0.5003032140691328,0.166,1.2,117.4,116.2,0.065,6-4,205,24.0
1642349,Ajay Mitchell,OKC,36,16.6,6.5,1.9,1.8,0.7,0.1,0.495,0.383,0.829,0.5490196078431373,0.5866425992779783,0.159,9.7,110.0,100.2,0.082,6-5,190,23.0
1626168,Trey Lyles,SAC,69,19.6,6.5,4.6,1.2,0.6,0.3,0.42,0.34,0.7,0.537037037037037,0.5482456140350876,0.139,-2.0,111.8,113.8,0.087,6-9,234,29.0
1642270,Donovan Clingan,POR,67,19.8,6.5,7.9,1.1,0.5,1.6,0.539,0.286,0.596,0.56,0.5697755960729313,0.135,0.2,109.9,109.7,0.105,7-2,280,21.0
203552,Seth Curry,CHA,68,15.6,6.5,1.7,0.9,0.4,0.1,0.478,0.456,0.846,0.6,0.6174012158054711,0.151,-8.0,106.2,114.1,0.083,6-1,185,34.0
1627780,Gary Payton II,GSW,62,15.0,6.5,3.0,1.3,0.8,0.3,0.574,0.326,0.711,0.6354166666666666,0.641785150078989,0.156,3.4,113.5,110.1,0.104,6-2,195,32.0
1629659,Talen Horton-Tucker,CHI,58,12.5,6.5,1.7,1.4,0.4,0.2,0.457,0.336,0.735,0.53,0.5654140570633264,0.208,1.7,111.4,109.8,0.09,6-4,234,24.0
1629312,Haywood Highsmith,MIA,74,24.6,6.5,3.4,1.5,0.9,0.5,0.458,0.382,0.721,0.5660377358490566,0.5841121495327103,0.111,1.4,111.8,110.4,0.057,6-5,220,28.0
1628418,Thomas Bryant,IND,66,14.6,6.5,3.8,0.8,0.4,0.6,0.508,0.324,0.859,0.5816326530612245,0.6086142322097378,0.162,-3.5,109.9,113.4,0.11,6-10,248,27.0
1630231,KJ Martin,UTA,43,21.2,6.4,2.9,1.1,0.4,0.5,0.552,0.259,0.787,0.5851063829787234,0.6172839506172839,0.112,-8.1,109.3,117.4,0.061,6-6,215,24.0
1629216,Gabe Vincent,LAL,72,21.2,6.4,1.3,1.4,0.7,0.2,0.4,0.353,0.714,0.5258620689655172,0.5394470667565746,0.131,1.1,111.8,110.7,0.039,6-2,200,29.0
1641842,Ronald Holland II,DET,81,15.6,6.4,2.7,1.0,0.6,0.2,0.474,0.238,0.754,0.5098039215686275,0.5555555555555556,0.177,-1.0,109.8,110.9,0.078,6-8,206,19.0
1628380,Zach Collins,CHI,64,15.3,6.4,4.5,1.7,0.5,0.5,0.507,0.302,0.885,0.5638297872340425,0.6120887528691661,0.166,-0.4,109.4,109.9,0.106,6-11,250,27.0
1627739,Kris Dunn,LAC,74,24.1,6.4,3.4,2.8,1.7,0.4,0.439,0.335,0.682,0.5254237288135593,0.5305039787798409,0.126,7.8,113.8,106.0,0.07,6-3,205,31.0
1630526,Jeremiah Robinson-Earl,NOP,66,18.8,6.3,4.8,1.3,0.6,0.1,0.455,0.341,0.836,0.5283018867924528,0.5573248407643312,0.14,-11.8,107.2,119.0,0.087,6-8,240,24.0
1629026,Kenrich Williams,OKC,69,16.4,6.3,3.5,1.4,0.6,0.1,0.483,0.386,0.718,0.5882352941176471,0.587248322147651,0.151,14.5,118.7,104.1,0.093,6-6,210,30.0
1630572,Sandro Mamukelashvili,SAS,61,11.2,6.3,3.1,0.8,0.4,0.3,0.502,0.373,0.741,0.6086956521739131,0.625,0.202,-1.4,111.6,112.9,0.124,6-9,240,26.0
1630696,Dru Smith,MIA,14,19.2,6.2,2.6,1.6,1.5,0.4,0.508,0.533,0.75,0.625,0.646371976647206,0.131,6.8,107.3,100.5,0.082,6-2,203,27.0
1630538,Bones Hyland,MIN,24,9.9,6.2,1.0,1.3,0.8,0.2,0.398,0.39,0.885,0.5408163265306122,0.575780089153046,0.274,-6.1,102.0,108.1,0.108,6-2,169,24.0
1642367,Jonathan Mogbo,TOR,63,20.4,6.2,4.9,2.3,0.9,0.5,0.438,0.243,0.732,0.46491228070175433,0.4942602040816326,0.145,-8.2,103.7,111.9,0.083,6-9,225,23.0
1631157,Ryan Rollins,MIL,56,14.6,6.2,1.9,1.9,0.8,0.3,0.487,0.408,0.8,0.59375,0.6017080745341615,0.179,5.4,114.0,108.6,0.088,6-3,180,22.0
1641716,Jarace Walker,IND,75,15.8,6.1,3.1,1.5,0.7,0.3,0.472,0.405,0.667,0.5833333333333334,0.5869899923017706,0.165,-5.0,107.0,112.1,0.087,6-7,235,21.0
1630171,Isaac Okoro,CLE,55,19.1,6.1,2.4,1.2,0.6,0.3,0.464,0.371,0.717,0.5714285714285714,0.5807311500380806,0.124,12.5,122.1,109.7,0.057,6-5,225,24.0
1642368,N'Faly Dante,HOU,4,12.7,6.0,5.3,0.5,0.3,1.3,0.769,0.0,0.8,0.7575757575757576,0.7747933884297521,0.133,-8.6,114.9,123.5,0.125,6-11,230,23.0
1631243,Mouhamed Gueye,ATL,33,16.1,6.0,4.2,0.8,0.8,1.0,0.421,0.259,0.762,0.4807692307692307,0.5197505197505198,0.155,8.8,113.4,104.7,0.085,6-10,210,22.0
1630164,James Wiseman,IND,1,4.6,6.0,1.0,0.0,0.0,0.0,0.5,0.0,1.0,0.5,0.6147540983606558,0.455,-23.5,118.2,141.7,0.156,6-11,240,24.0
1628436,Luke Kornet,BOS,73,18.6,6.0,5.3,1.6,0.5,1.0,0.668,0.0,0.691,0.6842105263157895,0.6861848124428179,0.111,14.9,121.2,106.3,0.114,7-1,250,29.0
1630191,Isaiah Stewart,DET,72,19.9,6.0,5.5,1.7,0.4,1.4,0.559,0.321,0.759,0.5681818181818181,0.6087662337662336,0.121,0.5,109.1,108.6,0.096,6-8,250,24.0
1631209,Isaiah Wong,CHA,20,13.3,6.0,1.6,1.4,0.6,0.0,0.39,0.394,0.735,0.4622641509433963,0.49603174603174605,0.22,-2.6,100.0,102.6,0.077,6-3,185,24.0
1630600,Isaiah Mobley,PHI,1,17.4,6.0,4.0,5.0,1.0,1.0,0.286,0.333,0.5,0.35714285714285715,0.3807106598984772,0.17,-17.3,92.7,110.0,0.099,6-8,238,25.0
1631323,Simone Fontecchio,DET,75,16.5,5.9,2.9,0.9,0.4,0.2,0.402,0.335,0.833,0.5,0.537928519328957,0.152,1.2,110.7,109.5,0.068,6-7,209,29.0
1631119,Jaylin Williams,OKC,47,16.7,5.9,5.6,2.6,0.5,0.6,0.439,0.399,0.767,0.5851063829787234,0.5942788074133762,0.141,17.9,121.0,103.0,0.124,6-9,240,23.0
1642275,Tidjane Salaün,CHA,60,20.7,5.9,4.7,1.2,0.5,0.2,0.33,0.283,0.713,0.41379310344827586,0.4535670356703568,0.15,-11.9,99.4,111.2,0.065,6-8,207,19.0
1629643,Chuma Okeke,CLE,9,21.9,5.9,5.2,1.7,0.6,0.4,0.5,0.393,0.667,0.6363636363636364,0.6509267431597529,0.093,-6.3,115.8,122.1,0.089,6-7,229,26.0
203937,Kyle Anderson,MIA,61,16.4,5.9,3.4,2.4,0.7,0.5,0.469,0.357,0.738,0.5,0.537928519328957,0.152,-1.5,106.1,107.6,0.108,6-9,230,31.0
1631221,Collin Gillespie,PHX,33,14.0,5.9,2.4,2.4,0.6,0.2,0.43,0.433,0.864,0.5625000000000001,0.57752545027408,0.17,-2.8,115.6,118.4,0.105,6-1,195,26.0
1631306,Cole Swider,IND,10,17.0,5.9,2.7,0.3,0.4,0.2,0.349,0.319,0.0,0.4682539682539683,0.46500630517023966,0.155,13.7,114.2,100.5,0.046,6-8,220,26.0
1629057,Robert Williams III,POR,20,17.6,5.8,5.9,1.1,0.7,1.7,0.641,0.333,0.882,0.6538461538461539,0.675046554934823,0.12,-2.0,106.3,108.3,0.137,6-9,249,27.0
1629650,Moses Brown,DAL,13,9.1,5.8,3.4,0.2,0.5,0.3,0.694,0.0,0.727,0.6842105263157895,0.6984585741811175,0.216,-4.4,101.5,105.9,0.154,7-2,258,25.0
1641737,Adem Bona,PHI,58,15.6,5.8,4.2,0.5,0.4,1.2,0.703,0.0,0.67,0.6969696969696969,0.7164031620553359,0.135,-6.6,107.4,114.0,0.093,6-10,235,22.0
1631245,Quenton Jackson,IND,28,13.6,5.8,1.6,1.9,0.8,0.2,0.475,0.375,0.775,0.5340909090909091,0.5781499202551834,0.167,0.8,110.9,110.1,0.089,6-5,173,26.0
1629013,Landry Shamet,NYK,50,15.2,5.7,1.2,0.5,0.5,0.0,0.461,0.397,0.667,0.5869565217391305,0.5967336683417086,0.143,5.1,111.6,106.5,0.062,6-4,190,28.0
1631217,Moussa Diabaté,CHA,71,17.5,5.7,6.2,0.8,0.6,0.6,0.596,0.0,0.595,0.6153846153846154,0.6190269331016508,0.13,-3.4,106.9,110.3,0.115,6-9,210,23.0
1641727,Dariq Whitehead,BKN,20,12.3,5.7,1.5,0.6,0.3,0.1,0.406,0.446,0.6,0.59375,0.5778588807785889,0.189,-11.1,98.7,109.7,0.065,6-6,220,20.0
1630692,Jordan Goodwin,LAL,29,18.7,5.6,3.9,1.4,1.0,0.4,0.438,0.382,0.818,0.53,0.5409582689335394,0.134,-1.2,111.2,112.4,0.08,6-5,215,26.0
1629003,Shake Milton,LAL,57,14.7,5.5,1.8,1.8,0.4,0.1,0.453,0.358,0.797,0.5222222222222223,0.5566801619433198,0.162,-6.9,106.2,113.1,0.081,6-5,205,28.0
1628988,Aaron Holiday,HOU,62,12.8,5.5,1.3,1.3,0.3,0.2,0.437,0.398,0.829,0.5813953488372093,0.5967881944444445,0.162,6.7,110.3,103.6,0.082,6-0,185,28.0
1628371,Jonathan Isaac,ORL,71,15.4,5.4,4.4,0.6,0.9,1.1,0.414,0.258,0.682,0.4673913043478261,0.5133079847908746,0.155,-0.7,105.9,106.6,0.108,6-10,230,27.0
1629731,Dean Wade,CLE,59,21.2,5.4,4.2,1.3,0.7,0.3,0.413,0.36,0.533,0.5652173913043478,0.5601659751037346,0.101,10.7,120.0,109.4,0.067,6-9,228,28.0
201145,Jeff Green,HOU,32,12.4,5.4,1.8,0.6,0.2,0.1,0.504,0.367,0.808,0.618421052631579,0.6502890173410405,0.144,-3.9,112.2,116.1,0.085,6-8,235,38.0
1630811,Keaton Wallace,ATL,31,16.2,5.4,1.6,2.6,0.9,0.3,0.401,0.329,1.0,0.4903846153846154,0.5022321428571429,0.164,-2.2,106.2,108.4,0.074,6-3,185,26.0
1641723,Kobe Bufkin,ATL,10,12.4,5.3,2.1,1.7,0.3,0.2,0.383,0.211,0.722,0.425531914893617,0.4825200291332848,0.203,-8.0,95.3,103.3,0.086,6-4,195,21.0
1641767,Ben Sheppard,IND,63,19.5,5.3,2.8,1.3,0.6,0.2,0.418,0.342,0.889,0.532608695652174,0.554857621440536,0.108,-2.2,111.2,113.4,0.055,6-6,190,23.0
1631288,Jamal Cain,NOP,37,13.6,5.3,2.3,0.6,0.6,0.2,0.43,0.325,0.68,0.5,0.5390561432058585,0.167,-12.9,106.4,119.3,0.067,6-6,191,26.0
1626192,Pat Connaughton,MIL,41,14.7,5.3,2.7,1.7,0.2,0.3,0.469,0.321,0.774,0.5348837209302325,0.5696474634565778,0.151,-2.9,111.7,114.6,0.088,6-5,209,32.0
201567,Kevin Love,MIA,23,10.9,5.3,4.1,1.0,0.7,0.2,0.357,0.358,0.696,0.45999999999999996,0.4871323529411764,0.23,-3.6,108.7,112.3,0.109,6-8,251,36.0
1631133,Jabari Walker,POR,60,12.5,5.2,3.5,0.6,0.6,0.1,0.515,0.389,0.69,0.5921052631578948,0.600739371534196,0.156,0.5,108.1,107.6,0.107,6-7,237,22.0
1628420,Monte Morris,PHX,45,12.7,5.2,1.5,1.6,0.4,0.1,0.426,0.36,0.857,0.5,0.5536626916524703,0.173,2.8,111.1,108.3,0.096,6-2,183,30.0
202687,Bismack Biyombo,SAS,28,18.8,5.1,5.6,1.1,0.6,0.8,0.588,0.0,0.4,0.5853658536585367,0.5671708185053381,0.124,-9.2,108.7,117.9,0.08,6-8,255,32.0
1642024,Alex Reese,PHI,15,14.4,5.1,3.1,0.3,0.7,0.7,0.481,0.366,0.75,0.6111111111111112,0.645242914979757,0.123,5.5,117.3,111.8,0.079,6-9,245,26.0
1629011,Mitchell Robinson,NYK,17,17.1,5.1,5.9,0.8,0.9,1.1,0.661,0.0,0.684,0.6666666666666667,0.6738900634249472,0.109,5.7,113.8,108.2,0.122,7-0,240,27.0
1629750,Javonte Green,CLE,68,18.5,5.1,3.2,0.8,1.0,0.5,0.429,0.326,0.724,0.5119047619047619,0.5444064901793338,0.113,-7.8,109.1,117.0,0.064,6-5,205,31.0
1631103,Malaki Branham,SAS,47,9.1,5.0,1.1,0.8,0.2,0.0,0.458,0.405,0.818,0.5625,0.5803156917363046,0.233,-3.7,106.1,109.8,0.087,6-4,180,22.0
1629674,Neemias Queta,BOS,62,13.9,5.0,3.8,0.7,0.3,0.7,0.65,0.0,0.754,0.6363636363636365,0.6684491978609626,0.136,9.1,117.4,108.3,0.102,7-0,248,25.0
1630539,Kai Jones,DAL,40,11.7,5.0,3.1,0.6,0.4,0.6,0.798,0.2,0.719,0.8148148148148149,0.8191349934469201,0.128,-2.3,107.0,109.2,0.131,6-11,221,24.0
1631214,Alondes Williams,LAC,1,3.7,5.0,0.0,1.0,0.0,0.0,1.0,1.0,0.0,1.25,1.25,0.286,85.7,171.4,85.7,0.4,6-4,210,26.0
1627732,Ben Simmons,LAC,51,22.0,5.0,4.7,5.6,0.7,0.5,0.52,0.0,0.727,0.5227272727272726,0.5360205831903945,0.133,-1.8,111.7,113.5,0.103,6-10,240,28.0
1630322,Lindy Waters III,DET,52,15.0,4.9,2.1,1.0,0.5,0.2,0.369,0.344,0.727,0.5,0.501227495908347,0.145,1.4,111.6,110.2,0.061,6-6,210,27.0
1641798,Jaylen Martin,WAS,16,14.9,4.9,2.8,1.1,0.6,0.0,0.419,0.304,0.9,0.4565217391304348,0.5037006578947368,0.155,-27.1,93.6,120.7,0.074,6-6,216,21.0
1630243,Trevelin Queen,ORL,31,13.9,4.9,1.7,1.2,1.0,0.3,0.381,0.286,0.857,0.45744680851063824,0.48921725239616615,0.176,-9.2,101.9,111.1,0.071,6-5,190,28.0
1629111,Jock Landale,HOU,42,11.9,4.8,3.3,0.9,0.3,0.2,0.533,0.423,0.675,0.5694444444444444,0.594059405940594,0.148,-2.1,110.5,112.6,0.097,6-11,255,29.0
1630658,Colin Castleton,TOR,26,16.6,4.7,4.7,1.1,0.3,0.4,0.469,0.125,0.763,0.48684210526315796,0.5269058295964126,0.125,-2.1,106.1,108.2,0.074,6-10,250,25.0
1641707,Taylor Hendricks,UTA,3,24.8,4.7,5.0,0.7,1.7,1.3,0.222,0.25,0.75,0.3,0.35757760194765675,0.113,-13.5,95.7,109.2,0.036,6-9,215,21.0
1641763,Julian Phillips,CHI,79,14.2,4.6,2.1,0.5,0.5,0.3,0.446,0.327,0.789,0.5277777777777778,0.5693069306930693,0.126,1.8,112.9,111.1,0.055,6-8,198,21.0
1642262,Cody Williams,UTA,50,21.2,4.6,2.3,1.2,0.5,0.3,0.323,0.259,0.725,0.4019607843137255,0.4218635363169479,0.122,-15.5,103.0,118.5,0.021,6-7,190,20.0
1641796,Pelle Larsson,MIA,55,14.2,4.6,1.7,1.2,0.6,0.1,0.438,0.337,0.672,0.5135135135135135,0.5497131931166347,0.141,2.4,111.1,108.7,0.055,6-5,215,24.0
1629234,Drew Eubanks,LAC,61,12.2,4.6,3.7,0.9,0.2,0.6,0.593,0.5,0.662,0.5937499999999999,0.6169527896995707,0.149,-8.1,106.7,114.8,0.111,6-10,245,28.0
1631223,David Roddy,HOU,33,12.4,4.6,2.5,1.1,0.4,0.3,0.456,0.311,0.769,0.5263157894736842,0.5539499036608863,0.159,-8.2,106.4,114.6,0.089,6-4,255,24.0
1642265,Rob Dillingham,MIN,49,10.5,4.5,1.0,2.0,0.4,0.0,0.441,0.338,0.533,0.5,0.5076714801444044,0.215,1.2,112.3,111.1,0.078,6-3,175,20.0
1626172,Kevon Looney,GSW,76,15.0,4.5,6.1,1.6,0.6,0.5,0.514,0.4,0.566,0.5135135135135135,0.5266853932584269,0.125,5.6,112.5,106.9,0.114,6-9,222,29.0
1641724,Jett Howard,ORL,60,11.7,4.5,1.2,0.7,0.2,0.2,0.374,0.296,0.696,0.46590909090909094,0.49169580419580416,0.181,-5.7,103.0,108.7,0.045,6-6,215,21.0
1631207,Dalen Terry,CHI,73,13.5,4.5,1.7,1.3,0.6,0.2,0.448,0.356,0.71,0.5,0.54931640625,0.142,-7.6,104.0,111.6,0.056,6-7,195,22.0
203486,Mason Plumlee,PHX,74,17.6,4.5,6.1,1.8,0.4,0.6,0.619,0.0,0.648,0.6296296296296295,0.6525522041763341,0.105,0.2,115.2,115.0,0.098,6-10,254,35.0
1628396,Tony Bradley,IND,14,8.1,4.4,3.0,0.4,0.1,0.6,0.644,0.333,0.333,0.6718749999999999,0.6516587677725119,0.182,19.0,112.6,93.6,0.16,6-11,248,27.0
202704,Reggie Jackson,PHI,31,12.4,4.4,1.4,1.5,0.5,0.1,0.391,0.338,0.778,0.48837209302325585,0.496389891696751,0.17,-3.5,108.3,111.8,0.067,6-2,208,35.0
1629646,Charles Bassey,SAS,36,10.4,4.4,4.2,0.5,0.4,0.8,0.581,0.0,0.636,0.5757575757575758,0.5952380952380953,0.164,-15.9,101.6,117.5,0.113,6-10,230,24.0
1642263,Reed Sheppard,HOU,52,12.6,4.4,1.5,1.4,0.7,0.3,0.351,0.338,0.813,0.44565217391304357,0.46491969568892655,0.171,-2.7,108.5,111.1,0.06,6-2,185,21.0
1628963,Marvin Bagley III,MEM,31,8.6,4.4,2.7,0.4,0.3,0.3,0.519,0.158,0.657,0.5441176470588236,0.5664263645726056,0.2,-0.6,108.2,108.8,0.123,6-10,235,26.0
1630205,Lamar Stevens,MEM,17,9.1,4.4,2.2,0.5,0.3,0.2,0.46,0.296,0.727,0.527027027027027,0.5549949545913219,0.21,26.4,128.2,101.8,0.09,6-7,230,27.0
1630545,Terrence Shannon Jr.,MIN,32,10.6,4.3,1.5,1.0,0.2,0.2,0.482,0.355,0.81,0.5138888888888888,0.5501535312180144,0.166,0.8,107.8,107.0,0.082,6-6,215,24.0
1628975,Jevon Carter,CHI,36,8.9,4.3,1.1,1.1,0.4,0.1,0.377,0.333,0.8,0.48780487804878053,0.5080340264650284,0.2,3.3,114.8,111.5,0.082,6-1,200,29.0
1628464,Daniel Theis,NOP,38,16.3,4.3,4.3,1.6,0.5,0.5,0.473,0.243,0.838,0.5000000000000001,0.5598958333333334,0.111,-5.9,109.3,115.2,0.081,6-8,245,33.0
1630695,Micah Potter,UTA,38,18.6,4.3,4.3,0.8,0.4,0.4,0.422,0.316,0.85,0.5277777777777778,0.56282722513089,0.102,-7.6,108.6,116.2,0.063,6-9,248,27.0
1628964,Mo Bamba,NOP,32,12.9,4.3,4.5,0.6,0.3,1.0,0.464,0.278,0.704,0.5285714285714286,0.5581516095534788,0.15,-9.0,103.5,112.5,0.1,7-0,231,27.0
1630556,Kessler Edwards,DAL,40,15.2,4.2,2.9,1.1,0.5,0.5,0.496,0.407,0.923,0.5882352941176471,0.594563986409966,0.11,-12.3,110.0,122.3,0.067,6-7,203,24.0
1642345,Oso Ighodaro,PHX,61,17.1,4.2,3.6,1.2,0.5,0.5,0.604,0.0,0.58,0.6129032258064515,0.6083429895712631,0.103,-0.6,109.4,110.0,0.073,7-0,235,22.0
1631200,Kris Murray,POR,69,15.1,4.2,2.6,1.0,0.5,0.2,0.419,0.225,0.456,0.475,0.48253676470588236,0.133,-1.8,106.0,107.8,0.061,6-8,216,24.0
1628470,Torrey Craig,BOS,26,12.1,4.2,2.8,0.7,0.3,0.5,0.422,0.364,0.667,0.5571428571428572,0.564516129032258,0.139,-5.0,104.9,109.8,0.08,6-5,221,34.0
1641871,Duop Reath,POR,46,10.2,4.2,2.0,0.6,0.3,0.3,0.422,0.321,0.909,0.513888888888889,0.5497382198952879,0.162,-6.5,108.0,114.5,0.077,6-9,245,29.0
1631230,Dominick Barlow,ATL,35,10.7,4.2,2.4,0.5,0.3,0.5,0.531,0.259,0.636,0.5625,0.5839822024471635,0.141,-1.6,110.2,111.8,0.082,6-8,215,22.0
1631111,Wendell Moore Jr.,CHA,36,13.9,4.2,2.6,1.2,0.6,0.1,0.468,0.341,0.818,0.5142857142857143,0.5579171094580234,0.133,-12.4,99.6,112.0,0.083,6-5,215,23.0
1642285,Cam Spencer,MEM,25,10.1,4.2,1.2,1.4,0.4,0.0,0.415,0.365,1.0,0.5454545454545454,0.575027382256298,0.148,6.8,116.4,109.6,0.087,6-4,205,25.0
1630194,Paul Reed,DET,45,9.7,4.1,2.7,1.0,0.9,0.6,0.507,0.286,0.762,0.53125,0.5700778642936596,0.179,5.6,111.3,105.7,0.115,6-9,210,26.0
1629020,Jarred Vanderbilt,LAL,36,16.1,4.1,5.1,1.1,1.0,0.3,0.488,0.281,0.556,0.5147058823529412,0.5338541666666666,0.116,3.3,115.6,112.2,0.082,6-8,214,26.0
1641740,Jaylen Clark,MIN,40,13.0,4.1,1.3,0.7,0.9,0.1,0.467,0.431,0.784,0.5666666666666667,0.6036513545347467,0.115,5.6,115.2,109.6,0.057,6-4,205,23.0
1629618,Jalen Pickett,DEN,49,13.6,4.1,1.4,2.2,0.4,0.1,0.428,0.396,0.75,0.5405405405405405,0.541182682154171,0.13,2.9,112.6,109.7,0.078,6-2,202,25.0
1641721,Maxwell Lewis,BKN,28,11.7,4.1,2.0,0.7,0.3,0.3,0.417,0.38,0.7,0.5000000000000001,0.5029440628066733,0.164,-9.6,101.2,110.7,0.066,6-7,215,22.0
1631216,Caleb Houstan,ORL,58,13.6,4.1,1.3,0.6,0.4,0.1,0.421,0.4,0.882,0.5909090909090909,0.5973193473193473,0.115,-4.1,104.2,108.2,0.061,6-8,205,22.0
1630611,Gui Santos,GSW,56,13.6,4.1,3.1,1.4,0.4,0.2,0.458,0.33,0.69,0.5625,0.5771396396396395,0.126,10.6,117.8,107.3,0.073,6-6,185,23.0
1641757,Jordan Miller,LAC,37,11.4,4.1,1.6,0.9,0.5,0.1,0.433,0.211,0.8,0.47222222222222227,0.5130130130130129,0.175,-6.0,103.8,109.8,0.07,6-5,194,25.0
201587,Nicolas Batum,LAC,78,17.5,4.0,2.8,1.1,0.7,0.5,0.437,0.433,0.81,0.5967741935483871,0.6188118811881188,0.087,5.9,110.5,104.7,0.069,6-8,230,36.0
1641732,Colby Jones,WAS,39,13.2,4.0,2.2,1.1,0.7,0.3,0.457,0.327,0.657,0.5151515151515151,0.5411255411255411,0.138,-10.4,104.4,114.8,0.078,6-6,207,23.0
1626196,Josh Richardson,MIA,8,18.7,4.0,1.5,1.5,1.0,0.1,0.289,0.273,1.0,0.375,0.39840637450199207,0.134,-10.6,104.1,114.7,0.015,6-5,200,31.0
1631199,Ron Harper Jr.,DET,1,17.0,4.0,7.0,2.0,0.0,0.0,0.125,0.0,1.0,0.125,0.2252252252252252,0.205,3.9,120.6,116.7,0.071,6-4,233,25.0
1630201,Malachi Flynn,SAS,4,10.9,4.0,1.8,1.8,0.8,0.0,0.385,0.25,0.833,0.4393939393939394,0.5050505050505051,0.196,3.7,112.8,109.1,0.084,6-1,185,27.0
200768,Kyle Lowry,PHI,35,18.8,3.9,1.9,2.7,0.9,0.3,0.35,0.33,0.818,0.4848484848484849,0.5275974025974026,0.1,-5.8,103.8,109.6,0.067,6-0,196,39.0
203500,Steven Adams,HOU,58,13.7,3.9,5.6,1.1,0.4,0.5,0.545,0.0,0.462,0.5517241379310345,0.5410654827968923,0.127,9.4,115.3,105.9,0.109,6-11,265,31.0
1641765,Olivier-Maxence Prosper,DAL,52,11.2,3.9,2.4,0.8,0.5,0.1,0.402,0.235,0.645,0.4242424242424243,0.49242424242424243,0.158,-7.7,101.8,109.5,0.082,6-7,230,22.0
201988,Patty Mills,LAC,29,11.1,3.8,0.8,0.9,0.4,0.1,0.375,0.347,0.929,0.5,0.5397727272727273,0.15,-3.4,104.6,108.0,0.055,6-2,180,36.0
1642269,Devin Carter,SAC,36,11.0,3.8,2.1,1.1,0.6,0.1,0.37,0.295,0.591,0.4428571428571429,0.4716981132075471,0.169,3.9,113.1,109.3,0.07,6-2,195,23.0
1631172,Ousmane Dieng,OKC,37,10.9,3.8,2.2,0.8,0.5,0.2,0.432,0.324,0.688,0.5294117647058824,0.5313199105145413,0.152,5.1,104.3,99.2,0.088,6-9,185,22.0
1642382,Branden Carlson,OKC,32,7.7,3.8,1.7,0.4,0.2,0.7,0.443,0.333,0.778,0.5499999999999999,0.5821078431372548,0.185,9.4,115.1,105.8,0.101,7-0,220,26.0
202693,Markieff Morris,LAL,15,11.0,3.7,1.5,1.4,0.1,0.2,0.3,0.25,0.833,0.36170212765957444,0.37940935192780967,0.202,-7.8,106.1,113.9,0.045,6-9,245,35.0
1641854,Craig Porter Jr.,CLE,51,10.1,3.7,1.3,1.4,0.3,0.3,0.514,0.438,0.719,0.5925925925925926,0.6241565452091767,0.155,-5.2,108.3,113.5,0.091,6-1,180,25.0
1631104,Blake Wesley,SAS,58,11.8,3.7,1.1,2.0,0.6,0.1,0.435,0.293,0.623,0.48437499999999994,0.502171552660152,0.165,0.5,110.2,109.7,0.066,6-3,185,22.0
201599,DeAndre Jordan,DEN,56,12.3,3.7,5.1,0.9,0.3,0.5,0.65,0.0,0.422,0.64,0.6199731903485255,0.126,-3.3,108.8,112.1,0.115,6-11,265,36.0
1642050,Jackson Rowe,GSW,6,8.6,3.7,1.8,0.7,0.7,0.0,0.471,0.3,0.5,0.5535714285714286,0.5709876543209877,0.142,12.9,116.4,103.5,0.101,6-7,210,28.0
1641734,Emoni Bates,CLE,10,7.5,3.7,0.7,0.8,0.1,0.1,0.342,0.367,0.0,0.48684210526315796,0.48684210526315796,0.201,-21.5,89.0,110.5,0.08,6-8,202,21.0
1631248,Baylor Scheierman,BOS,31,12.4,3.6,2.1,1.1,0.5,0.1,0.355,0.317,0.75,0.48571428571428577,0.4896626768226333,0.143,4.1,109.9,105.8,0.074,6-6,205,24.0
1630256,Jae'Sean Tate,HOU,52,11.3,3.6,2.3,0.9,0.5,0.1,0.473,0.348,0.681,0.5178571428571429,0.5632040050062579,0.126,6.3,111.0,104.7,0.071,6-4,230,29.0
1642281,Jaylon Tyson,CLE,47,9.6,3.6,2.0,0.9,0.3,0.1,0.43,0.345,0.792,0.49999999999999994,0.5263157894736842,0.164,-0.4,108.4,108.8,0.075,6-6,215,22.0
1630550,JT Thor,WAS,20,12.5,3.6,2.4,0.3,0.4,0.5,0.424,0.286,0.682,0.48333333333333334,0.5166475315729048,0.132,-20.0,95.3,115.3,0.065,6-9,203,22.0
203926,Doug McDermott,SAC,42,8.1,3.5,0.5,0.2,0.1,0.0,0.427,0.436,0.6,0.6071428571428572,0.6153305203938115,0.15,1.6,111.5,109.9,0.051,6-6,225,33.0
202709,Cory Joseph,ORL,50,12.2,3.5,1.5,1.4,0.5,0.1,0.403,0.364,0.778,0.5161290322580645,0.5341880341880342,0.126,3.6,110.5,106.9,0.075,6-2,200,33.0
203967,Dario Šarić,DEN,16,13.1,3.5,3.1,1.4,0.4,0.1,0.362,0.269,0.7,0.41666666666666663,0.4528985507246377,0.157,-11.5,97.3,108.7,0.067,6-10,225,31.0
1630568,Luka Garza,MIN,39,5.6,3.5,1.4,0.3,0.2,0.1,0.495,0.278,0.686,0.537037037037037,0.5652454780361756,0.241,0.4,107.9,107.5,0.101,6-10,243,26.0
203901,Elfrid Payton,NOP,24,21.3,3.5,3.3,6.9,1.0,0.5,0.328,0.167,0.571,0.33333333333333337,0.3344801223241591,0.151,-13.4,99.7,113.1,0.079,6-3,195,31.0
1631123,Jamaree Bouyea,MIL,5,12.3,3.4,1.0,2.0,0.8,0.4,0.5,0.2,0.667,0.5416666666666667,0.5806010928961749,0.163,0.6,118.5,117.8,0.067,6-2,180,26.0
1628981,Bruno Fernando,TOR,17,8.6,3.4,3.0,1.1,0.2,0.5,0.531,0.0,0.75,0.5172413793103449,0.5448717948717948,0.182,-6.1,103.9,110.1,0.1,6-9,240,26.0
1642403,Isaac Jones,SAC,40,7.6,3.4,1.4,0.3,0.1,0.3,0.651,0.375,0.639,0.6904761904761905,0.6810897435897436,0.152,-10.5,104.6,115.1,0.087,6-9,245,24.0
1641748,Andre Jackson Jr.,MIL,67,14.6,3.4,2.7,1.2,0.5,0.2,0.477,0.395,0.5,0.5517241379310345,0.5526657997399219,0.115,-1.5,110.6,112.1,0.051,6-6,209,23.0
1628995,Kevin Knox II,GSW,14,6.0,3.3,1.2,0.4,0.1,0.3,0.5,0.267,0.75,0.5576923076923077,0.5761173184357542,0.202,-2.9,112.7,115.6,0.104,6-8,215,25.0
1627814,Damion Lee,PHX,25,5.8,3.3,0.8,0.4,0.2,0.0,0.365,0.243,0.952,0.43333333333333335,0.4922434367541766,0.269,6.0,104.7,98.7,0.089,6-6,210,32.0
1631466,Nate Williams,HOU,20,7.3,3.3,0.7,0.5,0.4,0.2,0.435,0.231,0.625,0.49999999999999994,0.5036630036630036,0.212,-6.2,110.6,116.8,0.038,6-5,205,26.0
1641989,Elijah Harkless,UTA,10,13.8,3.2,2.1,0.8,1.0,0.1,0.314,0.28,0.5,0.4142857142857143,0.4250797024442083,0.12,9.7,113.2,103.5,0.037,6-3,195,25.0
1629629,Cam Reddish,LAL,33,17.9,3.2,2.0,0.7,1.0,0.3,0.404,0.277,0.615,0.5,0.5076142131979696,0.084,-8.4,107.6,115.9,0.04,6-7,217,25.0
1630192,Zeke Nnaji,DEN,57,10.7,3.2,1.6,0.4,0.4,0.7,0.496,0.327,0.614,0.5399999999999999,0.5610098176718094,0.119,-1.6,107.3,108.9,0.063,6-9,240,24.0
1630283,Kylor Kelley,LAL,11,11.5,3.1,3.5,0.5,0.1,0.3,0.636,0.0,0.6,0.65,0.6469115191986645,0.097,-29.1,101.4,130.5,0.072,7-0,215,27.0
1626153,Delon Wright,NYK,40,15.9,3.1,1.7,1.9,0.9,0.3,0.344,0.274,0.6,0.4090909090909091,0.43490460157126826,0.111,-0.2,106.1,106.3,0.061,6-5,185,33.0
200782,P.J. Tucker,NYK,3,19.3,3.0,2.7,0.0,0.3,0.3,0.429,0.5,0.0,0.6521739130434783,0.6521739130434783,0.059,-21.3,106.1,127.4,0.015,6-5,245,40.0
1631386,Taze Moore,POR,2,9.9,3.0,4.0,0.5,1.0,0.0,0.2,0.25,0.5,0.25,0.275735294117647,0.224,-18.6,58.7,77.3,0.105,6-5,195,27.0
203914,Gary Harris,ORL,48,14.8,3.0,1.3,0.6,0.5,0.3,0.383,0.356,0.583,0.5357142857142857,0.5115961800818554,0.09,7.2,110.4,103.2,0.043,6-4,210,30.0
1641712,Rayan Rupert,POR,52,8.8,3.0,1.3,0.5,0.3,0.1,0.408,0.271,0.767,0.4629629629629629,0.506072874493927,0.156,-9.2,100.6,109.8,0.055,6-6,195,21.0
1628467,Maxi Kleber,LAL,34,18.7,3.0,2.8,1.3,0.3,0.5,0.385,0.265,0.762,0.46428571428571436,0.489556135770235,0.085,-0.4,111.9,112.3,0.035,6-10,240,33.0
201959,Taj Gibson,CHA,37,11.1,2.9,3.2,0.6,0.2,0.5,0.495,0.5,0.6,0.5,0.5141843971631205,0.132,-13.8,96.6,110.4,0.068,6-9,232,40.0
1628365,Markelle Fultz,SAC,21,8.8,2.9,1.0,1.3,0.5,0.1,0.418,0.5,1.0,0.4375,0.45312499999999994,0.196,3.6,109.3,105.7,0.065,6-4,209,27.0
1641890,Tyler Smith,MIL,23,5.3,2.9,1.1,0.2,0.1,0.2,0.48,0.433,0.75,0.5909090909090908,0.6217838765008575,0.205,7.1,103.4,96.3,0.123,6-9,224,20.0
1631250,Pete Nance,MIL,13,10.6,2.9,1.6,0.8,0.2,0.2,0.438,0.375,0.5,0.5800000000000001,0.5602782071097372,0.116,-7.0,107.8,114.8,0.054,6-10,225,25.0
1642484,RayJ Dennis,IND,11,6.4,2.7,1.1,1.3,0.6,0.2,0.333,0.286,1.0,0.4166666666666667,0.4371761658031088,0.212,27.3,113.5,86.3,0.11,6-2,180,24.0
1642352,Keshad Johnson,MIA,16,6.1,2.7,1.8,0.3,0.3,0.3,0.692,0.429,0.444,0.7500000000000001,0.7242489270386266,0.145,1.3,105.5,104.1,0.114,6-7,225,24.0
1630561,David Duke Jr.,SAS,6,5.6,2.7,0.8,0.7,0.2,0.0,0.429,0.5,0.5,0.5434782608695653,0.5550986842105263,0.207,36.6,128.4,91.8,0.087,6-4,204,25.0
1641816,Hunter Tyson,DEN,51,7.8,2.6,1.5,0.4,0.2,0.1,0.375,0.311,0.75,0.47916666666666663,0.4961832061068702,0.146,-10.2,98.5,108.7,0.057,6-8,215,25.0
1641736,Reece Beekman,BKN,36,13.0,2.6,1.1,1.8,0.9,0.1,0.327,0.175,0.762,0.3666666666666667,0.39828431372549017,0.122,-12.0,98.5,110.4,0.051,6-3,190,23.0
203109,Jae Crowder,SAC,9,11.4,2.6,2.2,0.7,0.3,0.0,0.318,0.267,0.833,0.4166666666666667,0.4800590841949779,0.113,-7.4,101.9,109.2,0.048,6-6,235,34.0
1631169,Josh Minott,MIN,46,6.0,2.6,1.0,0.4,0.3,0.3,0.489,0.326,0.895,0.575,0.5974264705882353,0.16,-3.0,104.0,107.0,0.095,6-8,205,22.0
1641794,Dillon Jones,OKC,54,10.2,2.5,2.2,1.1,0.3,0.1,0.383,0.254,0.607,0.42000000000000004,0.45955882352941174,0.131,6.0,108.9,102.9,0.066,6-5,235,23.0
1630264,Anthony Gill,WAS,51,7.8,2.5,1.3,0.3,0.2,0.0,0.489,0.323,0.66,0.5294117647058824,0.5841121495327103,0.124,-7.8,101.9,109.7,0.071,6-8,230,32.0
1641998,Trey Jemison III,LAL,38,10.3,2.5,2.8,0.4,0.2,0.4,0.554,0.0,0.394,0.5789473684210527,0.544425087108014,0.121,-2.2,105.6,107.8,0.044,6-11,270,25.0
1630311,Pat Spencer,GSW,39,6.4,2.5,1.2,1.2,0.4,0.1,0.406,0.227,0.733,0.44230769230769235,0.4502881844380403,0.204,-2.8,105.0,107.8,0.093,6-3,205,28.0
1630531,Jaden Springer,UTA,43,8.5,2.5,1.3,0.8,0.6,0.1,0.389,0.25,0.711,0.4523809523809524,0.500801282051282,0.139,-3.3,105.6,108.9,0.063,6-4,202,22.0
1629723,John Konchar,MEM,46,12.1,2.4,3.3,0.9,0.7,0.3,0.451,0.371,0.875,0.575,0.5747126436781609,0.077,5.4,113.2,107.8,0.094,6-5,210,29.0
1631098,Johnny Davis,WAS,34,7.1,2.4,1.1,0.3,0.4,0.2,0.41,0.241,0.6,0.4347826086956522,0.48465266558966075,0.15,-2.5,104.7,107.2,0.067,6-4,195,23.0
1631132,Christian Koloko,LAL,37,9.2,2.4,2.5,0.4,0.2,0.4,0.606,0.0,0.714,0.6111111111111112,0.6072874493927125,0.104,-1.3,104.7,106.0,0.082,7-0,225,25.0
1642355,Bronny James,LAL,27,6.7,2.3,0.7,0.8,0.3,0.1,0.313,0.281,0.786,0.38,0.42279411764705876,0.199,-18.6,95.5,114.1,0.05,6-3,210,20.0
1630699,MarJon Beauchamp,NYK,35,4.5,2.3,1.3,0.3,0.1,0.0,0.415,0.345,0.75,0.5000000000000001,0.5314232902033272,0.222,2.9,94.8,92.0,0.123,6-7,199,24.0
1641936,Miles Norris,BOS,3,11.6,2.3,3.0,0.0,0.7,0.3,0.222,0.286,0.5,0.3499999999999999,0.3476420798065296,0.127,-23.2,87.7,110.9,0.088,6-7,220,25.0
1630222,Mason Jones,SAC,10,4.5,2.3,0.9,1.1,0.0,0.1,0.5,0.125,0.8,0.5277777777777778,0.5693069306930693,0.193,2.2,107.4,105.3,0.159,6-4,200,26.0
1631102,TyTy Washington Jr.,PHX,16,7.4,2.2,0.8,1.0,0.2,0.0,0.311,0.19,0.5,0.37500000000000006,0.3696236559139785,0.187,3.5,109.2,105.7,0.049,6-3,195,23.0
1641809,Drew Peterson,BOS,25,7.4,2.2,1.6,0.5,0.2,0.1,0.415,0.394,0.778,0.5937499999999999,0.6193693693693694,0.121,12.8,115.7,102.9,0.078,6-9,205,25.0
1631116,Patrick Baldwin Jr.,LAC,24,4.4,2.2,1.0,0.1,0.1,0.1,0.543,0.565,0.5,0.7000000000000001,0.6926952141057935,0.151,12.4,114.6,102.1,0.122,6-9,220,22.0
1630537,Chris Duarte,CHI,17,4.4,2.1,1.2,0.5,0.0,0.0,0.462,0.4,0.75,0.6,0.6104651162790699,0.151,2.8,105.2,102.4,0.127,6-5,190,28.0
1629162,Jordan McLaughlin,SAS,46,6.8,2.1,0.7,1.1,0.3,0.0,0.431,0.413,0.773,0.5624999999999999,0.576923076923077,0.134,9.1,118.0,108.9,0.083,6-0,185,29.0
203939,Dwight Powell,DAL,55,10.0,2.1,2.1,1.0,0.3,0.4,0.689,0.4,0.651,0.7272727272727273,0.7231404958677685,0.073,-1.1,108.6,109.7,0.073,6-10,240,33.0
1631120,JD Davison,BOS,16,5.8,2.1,0.8,0.8,0.3,0.1,0.353,0.222,0.714,0.4523809523809524,0.461335676625659,0.228,-13.7,91.7,105.4,0.079,6-1,195,22.0
1642402,Enrique Freeman,IND,22,8.2,2.1,1.4,0.4,0.1,0.1,0.432,0.1,0.684,0.4117647058823529,0.5009541984732825,0.109,-6.3,104.4,110.7,0.04,6-7,220,24.0
1642277,Johnny Furphy,IND,50,7.6,2.1,1.4,0.4,0.4,0.2,0.38,0.3,0.818,0.4722222222222222,0.5313765182186235,0.118,0.6,106.1,105.4,0.059,6-9,200,20.0
1641766,Adama Sanogo,CHI,4,5.4,2.0,1.5,0.3,0.0,0.0,0.571,0.0,0.0,0.5555555555555556,0.5555555555555556,0.145,-18.1,104.2,122.2,0.078,6-9,245,23.0
1630528,Josh Christopher,MIA,14,5.0,2.0,0.6,0.6,0.4,0.2,0.355,0.182,0.667,0.38636363636363635,0.4208754208754208,0.235,-2.5,105.7,108.2,0.063,6-4,215,23.0
1642278,Tyler Kolek,NYK,41,7.2,2.0,0.7,1.7,0.3,0.1,0.329,0.298,0.765,0.425,0.45955882352941174,0.152,-0.3,104.1,104.4,0.072,6-3,195,24.0
1630574,Ariel Hukporti,NYK,25,8.7,1.9,2.0,0.4,0.0,0.6,0.677,0.0,0.462,0.6666666666666667,0.6690140845070423,0.113,-12.4,97.6,110.1,0.048,6-11,246,23.0
1641752,Bobi Klintman,DET,8,5.3,1.9,0.9,0.9,0.3,0.1,0.6,0.4,0.5,0.7307692307692308,0.6634078212290503,0.121,4.2,121.4,117.2,0.095,6-9,225,22.0
1641738,Kobe Brown,LAC,40,6.8,1.9,1.6,0.6,0.2,0.1,0.458,0.231,0.714,0.5,0.5031779661016949,0.134,-8.7,105.9,114.7,0.083,6-7,250,25.0
202066,Garrett Temple,TOR,28,8.1,1.9,1.0,1.1,0.6,0.1,0.3,0.214,0.917,0.3333333333333333,0.41739894551845336,0.129,-4.5,106.6,111.1,0.051,6-5,195,39.0
1642280,Trentyn Flowers,LAC,6,4.4,1.8,0.7,0.0,0.0,0.0,0.364,0.0,1.0,0.38888888888888884,0.44554455445544555,0.194,-13.2,88.5,101.7,0.029,6-9,185,20.0
1628427,Vlatko Čančar,DEN,13,10.4,1.8,2.5,0.7,0.2,0.2,0.385,0.267,0.0,0.47500000000000003,0.45,0.109,-6.9,93.5,100.3,0.062,6-8,236,28.0
1630604,E.J. Liddell,CHI,12,4.4,1.8,0.8,0.3,0.1,0.1,0.533,0.3,1.0,0.6538461538461539,0.648414985590778,0.13,-8.6,117.9,126.4,0.047,6-6,240,24.0
1630579,Jericho Sims,MIL,53,11.9,1.8,3.7,0.6,0.2,0.4,0.634,0.0,0.615,0.6153846153846154,0.648414985590778,0.074,2.4,111.5,109.1,0.07,6-10,250,26.0
1642443,Jahmir Young,CHI,6,4.9,1.8,0.5,1.0,0.0,0.0,0.8,0.5,1.0,0.9999999999999999,0.9656652360515021,0.092,-13.5,110.0,123.5,0.1,6-1,185,24.0
1641745,Adam Flagler,OKC,37,5.5,1.8,0.7,0.3,0.2,0.1,0.26,0.194,0.5,0.3461538461538461,0.340393343419062,0.207,2.3,99.1,96.7,0.025,6-3,180,25.0
1642505,Alex Ducas,OKC,21,6.0,1.7,1.2,0.2,0.2,0.0,0.4,0.476,1.0,0.6071428571428572,0.5886426592797784,0.115,-6.7,99.6,106.3,0.065,6-7,220,24.0
1641801,Emanuel Miller,CHI,6,4.1,1.7,1.3,0.3,0.2,0.0,0.5,0.0,1.0,0.5384615384615384,0.5935754189944135,0.143,-10.0,120.4,130.4,0.092,6-7,215,25.0
1641790,PJ Hall,DEN,19,3.5,1.7,1.2,0.2,0.0,0.2,0.583,0.25,0.75,0.5769230769230769,0.6123919308357348,0.176,0.5,91.9,91.3,0.168,6-10,245,23.0
1642359,Pacôme Dadiet,NYK,18,6.2,1.7,1.0,0.3,0.2,0.1,0.323,0.316,0.667,0.4411764705882353,0.46397379912663755,0.142,-9.2,103.8,113.0,0.047,6-8,210,19.0
202684,Tristan Thompson,CLE,40,8.2,1.7,3.4,0.6,0.1,0.3,0.437,0.0,0.233,0.4444444444444445,0.39498141263940517,0.123,-12.5,97.2,109.8,0.083,6-9,254,34.0
1642422,Armel Traore,LAL,9,7.4,1.6,1.7,0.1,0.4,0.2,0.316,0.0,0.286,0.3333333333333333,0.3262642740619902,0.153,-37.3,81.9,119.3,0.027,6-9,245,22.0
1629098,Jack McVeigh,HOU,9,4.8,1.6,0.6,0.1,0.0,0.2,0.294,0.308,0.0,0.4210526315789474,0.4210526315789474,0.176,-9.2,84.7,93.9,0.02,6-8,215,29.0
1630762,Phillip Wheeler,PHI,5,8.9,1.6,1.6,0.4,0.2,0.4,0.143,0.0,1.0,0.14285714285714285,0.18281535648994515,0.221,13.4,110.0,96.6,-0.005,6-8,185,23.0
1642530,Yuki Kawamura,MEM,22,4.2,1.6,0.5,0.9,0.1,0.0,0.367,0.304,0.778,0.46428571428571436,0.5076142131979696,0.167,12.1,114.6,102.5,0.086,5-8,159,24.0
1641775,Jordan Walsh,BOS,52,7.8,1.6,1.3,0.4,0.2,0.2,0.361,0.273,0.583,0.46875,0.4739336492890995,0.11,3.8,111.8,108.0,0.045,6-6,205,21.0
203458,Alex Len,LAL,46,8.3,1.6,2.1,0.8,0.2,0.5,0.508,0.222,0.471,0.5,0.5076142131979696,0.101,-17.5,101.4,118.9,0.057,7-0,250,32.0
1641789,Jazian Gortman,DAL,16,3.5,1.5,0.3,0.4,0.1,0.1,0.391,0.364,0.5,0.5357142857142857,0.489556135770235,0.195,4.6,103.8,99.2,0.031,6-2,184,22.0
1642439,Quincy Olivari,LAL,2,5.2,1.5,0.0,0.5,0.0,0.0,0.2,0.2,0.0,0.3,0.3,0.231,-81.8,68.2,150.0,-0.022,6-3,200,24.0
1630346,Matt Ryan,NOP,19,3.6,1.5,0.4,0.2,0.1,0.0,0.323,0.316,1.0,0.40625,0.45620437956204374,0.208,-28.3,80.5,108.8,0.062,6-6,215,28.0
1631159,Leonard Miller,MIN,13,2.4,1.5,0.8,0.0,0.2,0.1,0.4,0.0,1.0,0.4166666666666667,0.5122950819672131,0.239,-19.4,79.2,98.6,0.202,6-10,220,21.0
1641755,Kevin McCullar Jr.,NYK,4,7.3,1.5,2.0,0.5,0.3,0.3,0.286,0.0,1.0,0.2777777777777778,0.3712871287128713,0.118,-3.1,93.8,96.9,0.066,6-6,210,24.0
1631321,Sidy Cissoko,POR,22,5.2,1.5,1.0,0.7,0.1,0.0,0.433,0.231,0.333,0.46428571428571436,0.4758883248730965,0.156,2.1,91.2,89.0,0.057,6-6,200,21.0
1631210,Jacob Toppin,ATL,17,4.4,1.4,0.9,0.4,0.1,0.0,0.409,0.5,0.0,0.5,0.5384615384615384,0.14,-14.5,89.9,104.4,0.09,6-8,200,25.0
1641753,Chris Livingston,MIL,21,5.0,1.4,1.7,0.2,0.2,0.0,0.333,0.0,0.75,0.3076923076923077,0.42372881355932196,0.15,-12.6,89.6,102.2,0.099,6-6,220,21.0
1642353,Cam Christie,LAC,13,4.5,1.4,0.9,0.5,0.4,0.1,0.292,0.154,0.5,0.3333333333333333,0.36231884057971014,0.192,-7.9,97.6,105.6,0.07,6-6,190,19.0
1641725,Trey Alexander,DEN,24,4.9,1.3,0.5,0.5,0.1,0.0,0.317,0.176,0.75,0.3235294117647059,0.3635346756152125,0.165,-10.9,94.2,105.1,0.029,6-4,185,22.0
1627746,Skal Labissiere,SAC,4,3.0,1.3,0.8,0.3,0.0,0.0,0.5,1.0,0.0,0.65,0.65,0.129,-13.2,114.8,128.0,0.092,6-10,235,29.0
1642461,Spencer Jones,DEN,20,6.2,1.3,0.9,0.3,0.3,0.3,0.324,0.059,1.0,0.3823529411764706,0.3635346756152125,0.128,-18.0,89.4,107.4,0.013,6-7,225,24.0
1641779,Jalen Bridges,PHX,8,3.8,1.1,0.5,0.0,0.0,0.0,0.286,0.286,0.75,0.49999999999999994,0.49107142857142855,0.197,9.7,98.4,88.7,0.026,6-8,225,24.0
1631121,Bryce McGowens,POR,13,2.5,1.0,0.2,0.2,0.1,0.0,0.286,0.0,0.833,0.2727272727272727,0.3787878787878788,0.244,-7.2,89.9,97.1,0.0,6-6,190,22.0
1630296,Braxton Key,GSW,3,3.6,1.0,0.7,0.0,0.7,0.0,0.0,0.0,0.5,0.0,0.2293577981651376,0.222,-30.7,90.0,120.7,-0.026,6-8,225,28.0
1642450,Daniss Jenkins,DET,7,3.2,1.0,0.3,0.4,0.0,0.0,0.3,0.143,0.0,0.32142857142857145,0.3263707571801567,0.231,-5.8,102.3,108.2,0.0,6-3,165,23.0
1641879,Yuri Collins,GSW,2,8.2,1.0,1.5,2.0,1.0,0.0,0.333,0.0,0.0,0.3333333333333333,0.3333333333333333,0.068,-17.0,94.4,111.4,0.048,6-0,190,24.0
1631247,Luke Travers,CLE,12,7.3,1.0,1.7,0.7,0.1,0.1,0.25,0.0,1.0,0.23529411764705885,0.2796420581655481,0.132,-0.5,109.1,109.7,0.022,6-7,207,23.0
1630214,Xavier Tillman,BOS,33,7.0,1.0,1.3,0.2,0.3,0.2,0.245,0.156,0.75,0.3125,0.3041362530413625,0.125,-2.3,106.6,108.9,0.022,6-7,245,26.0
1631303,Justin Minaya,POR,19,5.3,0.9,0.5,0.4,0.3,0.1,0.381,0.2,0.0,0.40909090909090906,0.39335664335664333,0.107,-6.9,95.0,101.9,0.02,6-5,205,26.0
1642384,Isaiah Crawford,SAC,15,3.0,0.9,0.5,0.1,0.1,0.1,0.455,0.2,0.5,0.5,0.5408653846153847,0.122,19.3,112.0,92.7,0.07,6-6,220,23.0
1641817,Anton Watson,NYK,9,2.5,0.9,0.3,0.2,0.1,0.0,0.444,0.0,0.0,0.4,0.45,0.193,-15.3,103.9,119.2,0.033,6-8,225,24.0
1631127,Harrison Ingram,SAS,5,7.0,0.8,1.8,0.6,0.6,0.0,0.5,0.0,0.0,0.5,0.5,0.06,40.0,132.0,92.0,0.08,6-5,230,22.0
204060,Joe Ingles,MIN,19,6.0,0.8,0.6,1.2,0.1,0.0,0.261,0.2,0.0,0.33333333333333337,0.33333333333333337,0.113,-4.2,108.9,113.1,0.025,6-8,220,37.0
1630618,D.J. Carton,TOR,4,8.3,0.8,1.0,0.8,0.5,0.0,0.143,0.0,1.0,0.16666666666666666,0.2070393374741201,0.122,12.9,109.0,96.1,0.007,6-3,200,24.0
1628408,PJ Dozier,MIN,9,3.9,0.8,0.6,0.6,0.1,0.0,0.667,0.667,0.167,1.0000000000000002,0.6578947368421053,0.082,-9.0,98.8,107.8,0.054,6-6,205,28.0
201949,James Johnson,IND,12,3.1,0.7,0.5,0.3,0.0,0.2,0.364,0.0,0.0,0.3333333333333333,0.37076271186440674,0.165,-13.1,97.4,110.5,0.015,6-7,240,38.0
1642279,Ulrich Chomche,TOR,7,4.6,0.7,1.1,0.3,0.0,0.1,0.4,0.0,0.5,0.4285714285714286,0.4206730769230769,0.108,-43.4,96.9,140.3,0.02,6-11,235,19.0
1630649,Stanley Umude,MIL,22,3.9,0.7,0.8,0.2,0.1,0.3,0.192,0.2,0.5,0.20833333333333334,0.2717391304347826,0.137,-10.1,85.6,95.8,0.022,6-6,210,26.0
1641857,Liam Robbins,MIL,13,4.4,0.7,0.9,0.2,0.2,0.2,0.25,0.0,0.5,0.33333333333333337,0.3676470588235294,0.128,-5.3,80.3,85.6,-0.025,7-0,250,25.0
1642385,Cui Cui,BKN,5,2.1,0.6,0.4,0.0,0.0,0.0,0.143,0.0,0.5,0.14285714285714288,0.1903553299492386,0.296,4.8,80.8,76.0,-0.056,6-5,190,22.0
1641803,Tristen Newton,MIN,8,2.0,0.4,0.5,0.3,0.1,0.0,0.125,0.0,1.0,0.1,0.19157088122605365,0.185,-14.2,83.3,97.6,-0.068,6-5,190,24.0
1630227,Daishen Nix,MIN,3,4.4,0.3,1.3,1.0,0.0,0.0,0.0,0.0,0.5,0.0,0.24671052631578946,0.176,23.9,103.2,79.3,0.024,6-4,238,23.0
1642502,Malevy Leons,OKC,6,3.5,0.3,0.5,0.2,0.0,0.0,0.0,0.0,0.5,0.0,0.24671052631578946,0.102,-43.3,61.4,104.7,-0.069,6-9,210,25.0
1629667,Jalen McDaniels,SAC,4,1.8,0.0,0.0,0.3,0.3,0.0,0.0,0.0,0.0,,,0.0,3.5,81.3,77.8,0.114,6-9,190,27.0
1626143,Jahlil Okafor,IND,1,3.4,0.0,1.0,1.0,0.0,0.0,0.0,0.0,0.0,,,0.0,62.5,125.0,62.5,0.133,6-10,270,29.0
1630644,Mac McClung,ORL,2,5.1,0.0,0.5,1.5,0.0,0.0,0.0,0.0,0.0,0.0,0.0,0.087,-9.5,119.0,128.6,0.0,6-2,185,26.0
1630678,Terry Taylor,SAC,3,2.1,0.0,0.3,0.7,0.0,0.0,0.0,0.0,0.0,0.0,0.0,0.067,64.3,135.7,71.4,0.043,6-4,230,25.0
1642434,Riley Minix,SAS,1,6.8,0.0,2.0,0.0,0.0,0.0,0.0,0.0,0.0,0.0,0.0,0.063,0.0,93.3,93.3,0.039,6-7,230,24.0
1629056,Terence Davis,SAC,1,7.9,0.0,1.0,1.0,0.0,0.0,0.0,0.0,0.0,0.0,0.0,0.111,-20.0,86.7,106.7,0.0,6-4,201,28.0
1642399,Jesse Edwards,MIN,2,2.3,0.0,0.0,0.5,0.0,0.0,0.0,0.0,0.0,,,0.0,-77.3,72.7,150.0,-0.043,7-0,236,25.0
1641815,Isaiah Stevens,MIA,3,1.8,0.0,0.7,0.0,0.3,0.0,0.0,0.0,0.0,0.0,0.0,0.143,30.8,61.5,30.8,0.125,6-0,185,24.0
1642389,Zyon Pullin,MEM,3,0.9,0.0,0.0,0.0,0.0,0.0,0.0,0.0,0.0,0.0,0.0,0.167,16.7,83.3,66.7,-0.087,6-4,206,24.0
